repo_name,num_classes,num_methods,total_LOC,mean_LOC,median_LOC,mean_WMC,mean_NOF,mean_NOM,mean_FANIN,mean_FANOUT,mean_LCOM,mean_DIT,mean_method_LOC,mean_CC,max_CC,smell_density
Aspose.BarCode-for-Java,48,513,7349.0,153.1,114.0,14.42,3.6,10.69,1.94,1.94,0.1706,0.0,11.71,1.35,22.0,158.1168
Aspose.Cells-for-Java,912,1705,23281.0,25.53,14.0,2.78,0.65,1.87,1.57,1.57,-0.7641,0.01,11.38,1.49,24.0,104.8065
Aspose.Diagram-for-Java,163,363,4008.0,24.59,13.0,3.25,0.65,2.23,2.01,2.01,-0.8047,0.01,9.36,1.46,8.0,86.3273
Aspose.Email-for-Java,310,967,11068.0,35.7,21.0,4.76,0.85,3.12,1.23,1.23,-0.68,0.01,9.82,1.53,9.0,76.798
Aspose.HTML-for-Java,161,289,2722.0,16.91,11.0,2.39,0.16,1.8,0.26,0.26,-0.8374,0.02,8.29,1.33,8.0,188.8317
Aspose.PDF-for-Java,313,1096,12121.0,38.73,20.0,4.87,1.05,3.5,1.21,1.21,-0.7416,0.01,9.03,1.39,10.0,90.1741
Aspose.Slides-for-Java,700,1357,20246.0,28.92,18.0,3.67,0.52,1.94,1.2,1.2,-0.8472,0.0,12.59,1.89,14.0,167.1935
Aspose.Tasks-for-Java,194,643,7712.0,39.75,20.0,4.92,1.08,3.31,1.43,1.43,-0.7304,0.01,9.93,1.49,11.0,98.8071
Aspose.Words-for-Java,1063,9400,104222.0,98.05,32.0,12.96,1.98,8.84,0.86,0.86,-0.2545,0.23,10.3,1.47,24.0,125.6261
Code_Along_with_GZM__JAVA,5,5,75.0,15.0,17.0,3.0,0.0,1.0,0.0,0.0,-1.0,0.0,13.0,3.0,5.0,173.3333
CodingJava,2,2,60.0,30.0,30.0,2.5,0.0,1.0,0.0,0.0,-1.0,0.0,28.0,2.5,4.0,66.6667
Commerce-API-Java,11,59,1203.0,109.36,62.0,5.73,2.18,5.36,1.82,1.82,0.178,0.0,19.61,1.07,2.0,31.5877
Core-Java,535,1053,12182.0,22.77,17.0,3.1,0.47,1.97,0.29,0.29,-0.7931,0.01,9.85,1.58,12.0,185.0271
Core-Java---Madhura-Anturkar,449,956,8030.0,17.88,14.0,2.86,0.9,2.13,0.48,0.48,-0.6491,0.13,6.88,1.34,22.0,157.2852
Core-Java-Tutorial-Projects,2,10,54.0,27.0,27.0,6.5,1.5,5.0,1.0,1.0,-0.5,0.0,4.7,1.3,3.0,129.6296
CoreJava,159,446,5341.0,33.59,19.0,5.2,1.26,2.81,0.33,0.33,-0.5331,0.18,10.36,1.85,26.0,131.0616
Defeat-JAVA,345,1066,13318.0,38.6,21.0,7.43,1.33,3.09,0.44,0.44,-0.5719,0.05,11.83,2.41,26.0,190.6442
Dr.Know,10,43,298.0,29.8,25.5,6.5,1.8,4.3,1.0,1.0,-0.05,0.0,5.72,1.51,7.0,23.4899
ELK-Logger,3,4,30.0,10.0,5.0,1.33,0.33,1.33,0.33,0.33,-0.6667,0.0,5.75,1.0,1.0,66.6667
GraphSearch,10,66,626.0,62.6,41.0,11.5,4.8,6.6,2.5,2.5,0.2669,0.0,7.12,1.74,7.0,59.1054
HapiFhirClientDemo,1,1,32.0,32.0,32.0,6.0,0.0,1.0,0.0,0.0,-1.0,0.0,29.0,6.0,6.0,93.75
HapiFhirServiceDemo,4,18,246.0,61.5,59.5,9.0,1.0,4.5,1.0,1.0,-0.15,0.0,12.22,2.0,6.0,48.7805
HelloWorld,49,93,1345.0,27.45,17.0,3.51,0.43,1.9,0.22,0.22,-0.7687,0.0,13.11,1.85,17.0,100.3717
JAVA,1,2,7.0,7.0,7.0,2.0,0.0,2.0,0.0,0.0,-1.0,0.0,2.5,1.0,1.0,142.8571
JAVA-SAMPLE-CODES,22,47,558.0,25.36,17.0,2.82,1.27,2.14,0.18,0.18,-0.5625,0.09,8.64,1.32,5.0,87.8136
JAVA_TUTORIAL_PROJECTS,7,21,154.0,22.0,18.0,3.71,0.86,3.0,0.71,0.71,-0.7912,0.0,6.29,1.24,2.0,110.3896
Java-Appium-Master,1,3,35.0,35.0,35.0,3.0,2.0,3.0,0.0,0.0,0.0,0.0,10.33,1.0,1.0,28.5714
Java-Code-Examples,17,32,364.0,21.41,21.0,5.0,0.0,1.88,0.41,0.41,-1.0,0.0,10.28,2.66,7.0,98.9011
Java-Code-Samples,13,20,219.0,16.85,16.0,3.38,0.15,1.54,0.31,0.31,-0.8923,0.0,9.4,2.2,6.0,86.758
Java-Demo-Application,18,107,1247.0,69.28,72.0,7.22,2.06,5.94,2.94,2.94,-0.1486,0.0,13.52,1.21,4.0,268.6447
Java-Demo-Application-with-Spring-Boot-and-Security,25,105,775.0,31.0,22.0,5.48,1.84,4.2,0.68,0.68,-0.2176,0.04,6.38,1.3,5.0,58.0645
Java-Examples,2,2,56.0,28.0,28.0,1.5,4.0,1.0,0.0,0.0,-0.5,0.0,22.0,1.5,2.0,35.7143
Java-Learning,2,15,116.0,58.0,58.0,11.0,2.5,7.5,0.5,0.5,-0.5,0.0,6.93,1.47,4.0,51.7241
Java-Sample-Code,2,7,90.0,45.0,45.0,7.5,1.0,3.5,0.5,0.5,-0.5,0.0,12.0,2.14,7.0,44.4444
Java-Samples,14,23,101.0,7.21,5.0,1.64,0.29,1.64,0.0,0.0,-0.8929,0.0,2.96,1.0,1.0,148.5149
Java-Tutorial,3,6,167.0,55.67,25.0,9.67,0.0,2.0,0.0,0.0,-1.0,0.0,26.83,4.83,13.0,113.7725
Java-Tutorial-Projects,1,5,121.0,121.0,121.0,26.0,3.0,5.0,0.0,0.0,0.6,0.0,23.2,5.2,11.0,396.6942
Java-application,2,2,12.0,6.0,6.0,1.0,0.0,1.0,0.0,0.0,-1.0,0.0,4.0,1.0,1.0,166.6667
Java8,76,193,1545.0,20.33,16.0,3.53,0.95,2.54,0.33,0.33,-0.4497,0.03,6.75,1.39,5.0,112.6214
JavaApp,24,289,1277.0,53.21,31.5,13.08,6.08,12.04,1.75,1.75,-0.1383,0.17,3.59,1.09,4.0,12.5294
JavaBasicTutorial,19,47,481.0,25.32,23.0,3.16,0.74,2.47,0.47,0.47,-0.6025,0.11,9.15,1.28,5.0,216.2162
JavaCode,9,21,124.0,13.78,11.0,2.67,0.67,2.33,0.0,0.0,-0.6111,0.0,4.62,1.14,3.0,137.0968
JavaCodeSamples,4,4,27.0,6.75,6.5,1.0,0.5,1.0,0.5,0.5,-0.5,0.0,4.25,1.0,1.0,111.1111
JavaCodeSnippets,152,253,2461.0,16.19,11.0,2.53,0.36,1.66,0.24,0.24,-0.8178,0.1,8.27,1.52,5.0,162.1292
JavaDemoApplication,4,32,136.0,34.0,37.5,8.0,3.25,8.0,0.0,0.0,-0.25,0.0,3.59,1.0,1.0,58.8235
JavaDemoJenkins,1,1,5.0,5.0,5.0,1.0,0.0,1.0,0.0,0.0,-1.0,0.0,3.0,1.0,1.0,200.0
JavaExamples,26,130,1558.0,59.92,32.5,8.77,3.27,5.0,0.62,0.62,-0.2892,0.0,10.8,1.75,12.0,116.1746
JavaExamplesInterviewQuestions,19,21,274.0,14.42,13.0,2.53,0.0,1.11,0.05,0.05,-1.0,0.0,10.67,2.29,7.0,167.8832
JavaLearningTutorial,20,117,424.0,21.2,16.5,5.85,1.55,5.85,1.0,1.0,-0.3841,0.15,2.85,1.0,1.0,42.4528
JavaPractice,42,135,1263.0,30.07,13.0,6.33,0.9,3.21,0.62,0.62,-0.6032,0.24,8.25,1.97,8.0,72.0507
JavaProject1,1,1,9.0,9.0,9.0,1.0,0.0,1.0,0.0,0.0,-1.0,0.0,7.0,1.0,1.0,111.1111
JavaRepository,4,12,105.0,26.25,28.5,3.5,2.25,3.0,0.75,0.75,-0.0833,0.0,7.42,1.17,2.0,57.1429
JavaSampleCode,59,110,1183.0,20.05,14.0,3.51,0.49,1.86,0.0,0.0,-0.7966,0.0,9.22,1.88,9.0,154.6915
JavaSampleCodeForPull,71,193,2067.0,29.11,26.0,4.65,1.08,2.72,0.38,0.38,-0.6622,0.1,9.49,1.71,12.0,145.6217
JavaSampleCodeIS2104,52,66,838.0,16.12,13.5,2.69,0.04,1.27,0.0,0.0,-0.9808,0.0,11.09,2.12,11.0,155.1313
JavaSampleCodes,1,8,115.0,115.0,115.0,22.0,7.0,8.0,0.0,0.0,0.625,0.0,13.25,2.75,5.0,8.6957
JavaSamples,1,4,46.0,46.0,46.0,9.0,0.0,4.0,1.0,1.0,-1.0,0.0,11.75,2.25,5.0,0.0
JavaSamplesCode,5,5,64.0,12.8,10.0,1.6,0.6,1.0,0.0,0.0,-0.8,0.0,10.2,1.6,4.0,203.125
JavaSnippets,3,10,54.0,18.0,5.0,4.0,0.67,3.33,0.67,0.67,-0.5833,0.0,4.6,1.2,2.0,37.037
JavaTutorial,1,1,25.0,25.0,25.0,3.0,0.0,1.0,0.0,0.0,-1.0,0.0,20.0,3.0,3.0,80.0
JavaTutorialProject,6,12,168.0,28.0,38.0,5.0,1.33,2.0,0.0,0.0,0.0,0.0,12.67,2.5,7.0,101.1905
JavaTutorialProjects,73,314,1579.0,21.63,19.0,4.55,1.34,4.3,0.75,0.75,-0.2746,0.0,3.11,1.06,2.0,72.1976
JavaTutorialProjectsGuidedPersonal,2,48,382.0,191.0,191.0,28.0,13.0,24.0,0.5,0.5,-0.234,0.0,8.33,1.17,5.0,280.1047
JavaTutorialsProject,23,43,343.0,14.91,10.0,2.83,0.7,1.87,0.22,0.22,-0.6522,0.3,6.4,1.51,8.0,206.9971
JavaWithMosh,3,8,96.0,32.0,21.0,4.67,0.67,2.67,0.33,0.33,-0.6667,0.0,11.0,1.75,4.0,135.4167
Java_MVVM_with_Swing_and_RxJava_Examples,105,295,2749.0,26.18,16.0,3.23,1.73,2.81,2.33,2.33,-0.3394,0.0,7.93,1.15,5.0,159.3307
Java_SampleCode,33,164,2809.0,85.12,56.0,14.15,1.67,4.97,0.55,0.55,-0.2848,0.0,17.03,2.85,17.0,102.8836
Java_Sample_Code,32,118,1692.0,52.88,36.0,6.84,2.5,3.69,0.69,0.69,-0.4266,0.0,11.02,1.86,13.0,148.9362
Java_Sample_Codes,63,154,1235.0,19.6,13.0,4.06,0.78,2.44,0.38,0.38,-0.6466,0.08,6.85,1.66,8.0,152.2267
Java_Tutorials-Projects,103,236,3340.0,32.43,11.0,4.8,2.73,2.29,0.41,0.41,-0.3743,0.0,12.14,2.09,29.0,221.2575
KeyAuth-JAVA-api,4,21,299.0,74.75,43.0,9.75,4.0,5.25,1.25,1.25,0.2159,0.0,12.19,1.86,4.0,103.6789
KodlamaIoJavaTutorialProjectsPart1Eclipse,16,16,495.0,30.94,30.5,6.56,0.0,1.0,0.0,0.0,-1.0,0.0,28.94,6.56,17.0,177.7778
KodlamaIoJavaTutorialProjectsPart1Intellij,16,17,509.0,31.81,30.5,6.62,0.0,1.06,0.0,0.0,-1.0,0.0,28.06,6.24,17.0,186.6405
MLE5109-Course-samples,115,331,2304.0,20.03,16.0,3.24,1.26,2.88,0.72,0.72,-0.2678,0.1,4.82,1.13,4.0,82.4653
MasteringJava,176,271,2576.0,14.64,13.5,1.97,0.29,1.54,0.4,0.4,-0.8201,0.17,6.21,1.28,7.0,136.646
MipSDK-File-Java-Basic,7,18,200.0,28.57,22.0,3.29,2.29,2.57,1.14,1.14,-0.5714,0.0,9.11,1.28,2.0,35.0
Moxtra-Java-Sample-Code,5,24,593.0,118.6,102.0,11.8,2.4,4.8,0.6,0.6,-0.1429,0.0,17.58,2.46,8.0,26.9815
MyJavaNLayerTrials,10,18,86.0,8.6,5.0,2.0,0.5,1.8,0.9,0.9,-0.775,0.5,3.28,1.11,3.0,104.6512
MyJavaTutorialProject,13,64,439.0,33.77,29.0,8.0,3.15,4.92,1.85,1.85,0.3734,0.46,5.8,1.62,9.0,257.4032
Nick_JavaSampleCode,35,44,468.0,13.37,13.0,2.43,0.2,1.26,0.17,0.17,-0.9143,0.0,8.89,1.93,6.0,305.5556
OpenPgp-BounceCastle-Example,3,15,276.0,92.0,47.0,14.0,3.67,5.0,1.0,1.0,-0.0667,0.0,15.67,2.8,10.0,57.971
Proj11x,5,8,64.0,12.8,6.0,2.0,1.2,1.6,0.8,0.8,-0.5,0.0,6.0,1.25,3.0,62.5
REST-API-Sample,10,56,682.0,68.2,31.0,8.8,3.1,5.6,0.9,0.9,-0.02,0.0,10.84,1.57,5.0,30.7918
RssDigesterWithCouchbase,11,61,366.0,33.27,29.0,8.64,1.91,5.55,1.18,1.18,0.2359,0.18,5.23,1.56,6.0,21.8579
RxJavaDemoApplication,30,214,1558.0,51.93,15.5,10.5,3.03,7.13,1.2,1.2,0.0234,0.0,6.66,1.47,16.0,71.887
SomeCode,6,8,75.0,12.5,11.0,1.33,0.67,1.33,0.5,0.5,-0.5556,0.17,5.5,1.0,1.0,146.6667
SparkJavaExamples,18,56,791.0,43.94,46.0,4.83,1.11,3.11,1.06,1.06,-0.1028,0.0,8.36,1.55,4.0,109.9874
SpringBoot-Java-Demo-application,15,37,332.0,22.13,20.0,3.33,1.33,2.47,1.13,1.13,-0.1667,0.07,5.41,1.35,4.0,30.1205
TA-Lib-Java-Examples,2,2,76.0,38.0,38.0,4.0,2.0,1.0,0.0,0.0,0.0,0.0,28.0,4.0,4.0,52.6316
TensorFlow-Java-Examples,1,1,12.0,12.0,12.0,1.0,0.0,1.0,0.0,0.0,-1.0,0.0,10.0,1.0,1.0,166.6667
TestProject,1,0,2.0,2.0,2.0,0.0,0.0,0.0,0.0,0.0,-1.0,0.0,0.0,0.0,0,1000.0
ThinkingInJava,1092,2111,12699.0,11.63,8.0,2.42,0.46,1.93,0.45,0.45,-0.675,0.28,4.62,1.25,15.0,125.5217
VLC-SCFS004-24-0650,118,205,2119.0,17.96,15.0,2.65,1.08,1.74,0.56,0.56,-0.676,0.14,8.44,1.53,10.0,163.7565
VeraDemoCircleCI,6,32,948.0,158.0,89.0,14.17,5.0,5.33,0.83,0.83,0.1389,0.0,27.75,2.66,11.0,81.2236
ViniLibJava,4,7,61.0,15.25,15.0,2.5,0.25,1.75,0.5,0.5,-0.5,0.0,5.71,1.43,3.0,81.9672
WebSocket-Demo,1,2,16.0,16.0,16.0,4.0,0.0,2.0,0.0,0.0,-1.0,0.0,5.5,2.0,3.0,62.5
_100DaysOfCode,16,44,674.0,42.12,38.5,7.25,4.12,2.75,0.62,0.62,-0.6319,0.0,13.75,2.64,11.0,86.0534
akka-java-examples,25,59,442.0,17.68,19.0,2.96,1.32,2.36,0.68,0.68,0.016,0.0,4.92,1.25,4.0,79.1855
alfresco-api-java-examples,47,90,1452.0,30.89,10.0,3.04,2.23,1.91,0.83,0.83,-0.7345,0.66,9.9,1.59,5.0,73.0028
amazon-kinesis-analytics-beam-taxi-consumer,13,48,358.0,27.54,31.0,5.46,2.46,3.69,1.23,1.23,-0.1026,0.15,6.27,1.48,5.0,81.0056
amazon-kinesis-analytics-streaming-etl,6,30,304.0,50.67,27.0,7.67,1.83,5.0,1.17,1.17,0.1875,0.0,9.3,1.53,10.0,55.9211
amazon-kinesis-data-analytics-flink-benchmarking-utility,10,81,682.0,68.2,68.5,11.1,3.3,8.1,1.0,1.0,-0.3,0.0,6.51,1.37,7.0,48.3871
amazon-translate-pdf,5,10,216.0,43.2,24.0,4.8,2.6,2.0,0.6,0.6,-0.2,0.0,19.3,2.4,5.0,115.7407
amenity-reservation,9,17,97.0,10.78,8.0,1.89,1.67,1.89,1.11,1.11,-0.7778,0.0,3.76,1.0,1.0,113.4021
amv-trafficsoft-restclient-demo,11,21,231.0,21.0,29.0,1.91,1.82,1.91,0.36,0.36,-0.3377,0.0,9.33,1.0,1.0,129.8701
angular-demo,0,0,0,0.0,0.0,0.0,0.0,0.0,0.0,0.0,0.0,0.0,0.0,0.0,0,0
api,40,259,1429.0,35.73,19.0,6.85,3.58,6.47,0.05,0.05,0.0986,0.03,3.86,1.06,2.0,44.0868
appium-java-examples,27,190,961.0,35.59,21.0,7.26,0.67,7.04,0.85,0.85,-0.5802,0.19,4.51,1.03,3.0,103.0177
auth0-full-stack-java-example,92,569,4322.0,46.98,28.0,7.96,3.3,6.18,1.13,1.13,-0.1985,0.01,5.86,1.29,16.0,63.1652
aws-amplify-example-recipe-app-react-native,3,11,95.0,31.67,39.0,4.67,0.33,3.67,0.33,0.33,-0.4444,0.0,8.45,1.27,3.0,31.5789
aws-athena-udfs-textanalytics,1,71,1127.0,1127.0,1127.0,177.0,5.0,71.0,1.0,1.0,0.0282,0.0,14.06,2.49,9.0,69.2103
aws-cognito-java-desktop-app,14,60,1480.0,105.71,75.0,7.93,3.21,4.29,1.79,1.79,-0.4619,0.0,19.63,1.85,10.0,112.1622
aws-lambda-api-java-example,2,10,44.0,22.0,22.0,5.0,2.0,5.0,0.5,0.5,-0.5,0.0,3.6,1.0,1.0,45.4545
azure-cafe,4,29,174.0,43.5,43.0,9.25,3.75,7.25,1.25,1.25,0.0455,0.0,5.21,1.28,9.0,51.7241
azure-cosmos-cassandra-extensions-java-sample,5,28,358.0,71.6,82.0,7.8,7.8,5.6,1.0,1.0,0.1778,0.0,8.07,1.39,6.0,41.8994
azure-cosmos-cassandra-extensions-java-sample-v4,3,15,414.0,138.0,105.0,9.33,9.67,5.0,1.0,1.0,0.1111,0.0,17.53,1.87,5.0,26.57
azure-functions-samples-java,41,117,904.0,22.05,12.0,3.17,1.34,2.85,0.29,0.29,-0.389,0.02,5.53,1.11,3.0,88.4956
azure-search-java-samples,18,21,967.0,53.72,39.0,2.94,2.06,1.17,0.78,0.78,-0.4444,0.0,25.24,2.52,9.0,103.4126
azure-spring-data-cosmos-java-sql-api-samples,8,50,194.0,24.25,27.5,6.62,1.88,6.25,1.0,1.0,0.059,0.0,2.74,1.06,4.0,41.2371
azure4j-blog-samples,48,550,4959.0,103.31,81.5,13.06,5.08,11.46,1.38,1.38,0.1645,0.0,4.61,1.14,7.0,14.5191
azurejava,2,2,48.0,24.0,24.0,1.5,0.0,1.0,0.0,0.0,-1.0,0.0,17.5,1.5,2.0,62.5
basyx-java-examples,346,2097,12585.0,36.37,22.0,6.63,2.86,6.06,1.08,1.08,-0.0851,0.04,4.54,1.09,9.0,47.4374
bazel-java,22,34,295.0,13.41,8.0,1.95,1.0,1.55,0.77,0.77,-0.5038,0.0,5.56,1.26,4.0,111.8644
cap-java-bookstore-app,2,2,13.0,6.5,6.5,1.0,0.0,1.0,0.5,0.5,-1.0,0.0,4.5,1.0,1.0,76.9231
clean-architecture-example,71,310,1723.0,24.27,14.0,4.69,2.11,4.37,1.61,1.61,-0.3297,0.03,4.58,1.07,4.0,128.845
cleanarch,74,249,1169.0,15.8,12.0,3.58,1.43,3.36,1.59,1.59,-0.2196,0.01,3.55,1.06,3.0,69.29
clickstream-consumer-for-apache-kafka,8,110,1204.0,150.5,70.0,23.75,7.5,13.75,1.5,1.5,-0.0832,0.0,7.63,1.73,13.0,170.2658
clickstream-producer-for-apache-kafka,9,134,1729.0,192.11,128.0,30.11,11.56,14.89,2.33,2.33,0.1049,0.0,8.87,2.02,21.0,149.7976
cloud-asset-erp-dataloading-using-java,3,14,276.0,92.0,17.0,11.0,4.0,4.67,0.33,0.33,-0.5,0.0,15.79,2.36,6.0,39.8551
codeSamples,9,16,181.0,20.11,21.0,3.44,0.0,1.78,0.44,0.44,-1.0,0.0,9.12,1.94,5.0,44.1989
code_samples,5,17,159.0,31.8,29.0,6.8,3.0,3.4,0.0,0.0,0.1333,0.0,7.59,2.0,5.0,75.4717
communication-services-android-calling-hero,19,120,969.0,51.0,44.0,9.42,5.16,6.32,1.89,1.89,0.1994,0.11,7.9,1.49,5.0,48.5036
core-java-ref,10,18,173.0,17.3,17.5,2.5,0.4,1.8,0.4,0.4,-0.8,0.0,7.06,1.39,5.0,121.3873
cqrs-lottery,103,498,3022.0,29.34,19.0,5.76,2.8,4.83,1.94,1.94,0.0499,0.33,4.85,1.19,5.0,66.8432
creational-design-patterns-example,27,46,271.0,10.04,7.0,2.07,0.52,1.7,0.33,0.33,-0.7438,0.52,4.28,1.22,3.0,92.2509
ctrader-open-api-v2-java-example,28,131,1094.0,39.07,28.5,7.46,2.18,4.68,2.32,2.32,-0.3482,0.07,7.51,1.6,14.0,61.2431
cybersource-rest-samples-java,315,958,19653.0,62.39,57.0,3.4,3.03,3.04,2.06,2.06,-0.0243,0.0,18.84,1.12,8.0,44.726
data-box-samples,2,7,209.0,104.5,104.5,9.0,4.0,3.5,0.5,0.5,0.4167,0.0,28.14,2.57,5.0,1110.0478
data-engineering-for-aws-immersion-day,9,38,237.0,26.33,25.0,4.78,3.33,4.22,1.11,1.11,-0.2994,0.0,4.89,1.13,3.0,71.73
datomic-java-examples,20,51,743.0,37.15,25.0,3.75,0.65,2.55,0.6,0.6,-0.55,0.0,13.43,1.47,5.0,144.0108
day12-face-detection,1,1,17.0,17.0,17.0,2.0,0.0,1.0,1.0,1.0,-1.0,0.0,15.0,2.0,2.0,117.6471
ddd,14,61,301.0,21.5,16.0,4.64,2.14,4.36,1.43,1.43,-0.1786,0.0,3.46,1.07,3.0,16.6113
deadbolt-2-java-examples,24,79,463.0,19.29,18.5,3.71,0.88,3.29,0.38,0.38,-0.566,0.0,4.13,1.13,5.0,62.635
demo,2,4,17.0,8.5,8.5,2.0,0.5,2.0,1.0,1.0,0.0,0.0,3.0,1.0,1.0,58.8235
demo-DSV-java,1,1,28.0,28.0,28.0,3.0,0.0,1.0,0.0,0.0,-1.0,0.0,26.0,3.0,3.0,107.1429
demo-java,16,108,1540.0,96.25,29.0,13.75,6.25,6.75,1.5,1.5,0.2274,0.0,12.93,2.04,19.0,74.6753
effective-java-examples,123,395,2308.0,18.76,16.0,4.27,1.4,3.21,0.63,0.63,-0.3082,0.11,4.73,1.33,7.0,110.4853
elasticsearch,7,28,301.0,43.0,47.0,5.14,1.86,4.0,0.86,0.86,-0.1111,0.0,9.14,1.29,3.0,63.1229
encog-java-examples,125,597,7887.0,63.1,44.0,9.16,3.91,4.78,1.06,1.06,-0.1755,0.01,10.3,1.92,19.0,109.8009
examples-java,195,743,4270.0,21.9,19.0,4.19,1.16,3.81,0.55,0.55,-0.1204,0.0,4.14,1.1,4.0,95.082
feign-eureka,3,6,32.0,10.67,14.0,2.0,0.67,2.0,1.0,1.0,0.3333,0.0,2.33,1.0,1.0,31.25
foglight-rest-api-java-sample-code,31,209,1508.0,48.65,28.0,10.06,2.74,6.74,1.03,1.03,-0.101,0.35,6.42,1.49,9.0,53.7135
gateway-java-sample-code,27,338,3119.0,115.52,46.0,17.04,5.04,12.52,2.59,2.59,0.3182,0.04,7.27,1.36,54.0,38.4739
gemini-function-calling,5,9,119.0,23.8,11.0,2.8,0.0,1.8,0.4,0.4,-1.0,0.0,11.44,1.56,4.0,184.8739
gitstafette-explorer,5,10,55.0,11.0,5.0,2.0,1.2,2.0,0.6,0.6,-0.4,0.0,3.7,1.0,1.0,54.5455
graphql,25,24,316.0,12.64,8.0,1.16,2.2,0.96,0.8,0.8,-0.76,0.0,5.67,1.21,3.0,234.1772
graphql-examples,47,77,467.0,9.94,6.0,1.64,1.72,1.64,0.77,0.77,-0.4848,0.0,3.79,1.0,1.0,124.197
graphql-java-examples,53,181,1290.0,24.34,22.0,4.08,1.96,3.42,0.55,0.55,-0.3041,0.08,5.12,1.19,4.0,51.1628
grpc-by-example-java,77,199,1786.0,23.19,16.0,3.27,1.23,2.58,0.38,0.38,-0.3457,0.0,7.79,1.27,6.0,98.5442
grpc-java,4,5,37.0,9.25,8.5,1.25,1.0,1.25,0.5,0.5,-0.25,0.0,5.0,1.0,1.0,81.0811
gs-accessing-data-jpa,6,13,81.0,13.5,7.5,2.17,1.0,2.17,0.83,0.83,-0.2778,0.0,4.69,1.0,1.0,37.037
gs-accessing-data-mongodb,6,13,78.0,13.0,9.5,2.5,1.33,2.17,0.83,0.83,-0.5556,0.0,4.46,1.15,3.0,64.1026
gs-accessing-data-mysql,7,12,58.0,8.29,5.0,1.71,0.86,1.71,0.57,0.57,-0.3571,0.0,3.17,1.0,1.0,86.2069
gs-accessing-data-neo4j,5,12,75.0,15.0,5.0,2.6,0.8,2.4,0.8,0.8,-0.3333,0.0,4.67,1.08,2.0,53.3333
gs-accessing-data-r2dbc,5,11,81.0,16.2,15.0,2.2,1.2,2.2,1.0,1.0,-0.2,0.0,5.82,1.0,1.0,86.4198
gs-accessing-data-rest,6,16,74.0,12.33,5.0,2.67,0.83,2.67,0.5,0.5,-0.5417,0.0,3.5,1.0,1.0,202.7027
gs-accessing-mongodb-data-rest,6,16,76.0,12.67,5.0,2.67,1.17,2.67,0.5,0.5,-0.375,0.0,3.5,1.0,1.0,197.3684
gs-accessing-neo4j-data-rest,6,16,75.0,12.5,5.0,2.67,1.0,2.67,0.5,0.5,-0.5417,0.0,3.5,1.0,1.0,200.0
gs-accessing-vault,4,14,95.0,23.75,25.5,4.0,2.0,3.5,0.75,0.75,0.2679,0.0,5.5,1.14,3.0,21.0526
gs-actuator-service,6,9,52.0,8.67,6.0,1.5,1.17,1.5,0.33,0.33,-0.5,0.0,3.22,1.0,1.0,115.3846
gs-async-method,6,13,74.0,12.33,14.0,2.17,1.0,2.17,0.67,0.67,-0.5,0.0,4.31,1.0,1.0,94.5946
gs-authenticating-ldap,6,8,43.0,7.17,5.0,1.33,0.17,1.33,0.33,0.33,-0.8333,0.0,3.38,1.0,1.0,162.7907
gs-batch-processing,6,13,65.0,10.83,11.5,2.33,1.0,2.17,0.67,0.67,-0.3889,0.0,3.62,1.08,2.0,138.4615
gs-caching,10,24,121.0,12.1,14.0,2.4,0.8,2.4,0.4,0.4,-0.6,0.2,3.79,1.0,1.0,82.6446
gs-centralized-configuration,9,9,52.0,5.78,5.0,1.0,0.56,1.0,0.56,0.56,-0.6667,0.0,3.22,1.0,1.0,76.9231
gs-cloud-circuit-breaker,9,12,59.0,6.56,5.0,1.33,0.44,1.33,0.56,0.56,-0.6667,0.0,3.08,1.0,1.0,118.6441
gs-consuming-rest,4,5,27.0,6.75,4.5,1.25,0.25,1.25,0.5,0.5,-0.5,0.0,3.6,1.0,1.0,111.1111
gs-consuming-web-service,5,7,48.0,9.6,10.0,1.4,0.4,1.4,0.8,0.8,-0.4,0.0,5.14,1.0,1.0,83.3333
gs-contract-rest,19,54,435.0,22.89,10.0,3.47,1.68,2.84,0.58,0.58,-0.0789,0.0,6.09,1.22,5.0,66.6667
gs-crud-with-vaadin,14,50,346.0,24.71,29.0,4.07,2.5,3.57,1.29,1.29,-0.0833,0.0,5.38,1.14,3.0,34.6821
gs-gateway,4,7,38.0,9.5,10.5,1.75,0.5,1.75,0.5,0.5,-0.5,0.0,3.57,1.0,1.0,210.5263
gs-handling-form-submission,6,11,49.0,8.17,7.0,1.83,0.5,1.83,0.5,0.5,-0.5833,0.0,3.09,1.0,1.0,102.0408
gs-integration,4,4,37.0,9.25,6.5,1.0,0.5,1.0,0.25,0.25,-0.75,0.0,6.75,1.0,1.0,81.0811
gs-managing-transactions,5,9,67.0,13.4,5.0,2.2,0.8,1.8,0.6,0.6,-0.6,0.0,5.89,1.22,2.0,119.403
gs-messaging-jms,4,12,54.0,13.5,12.0,3.0,0.5,3.0,0.75,0.75,-0.6786,0.0,3.67,1.0,1.0,37.037
gs-messaging-rabbitmq,5,12,67.0,13.4,13.0,2.4,1.6,2.4,1.4,1.4,-0.0333,0.0,4.08,1.0,1.0,74.6269
gs-messaging-redis,3,8,45.0,15.0,11.0,3.0,1.0,2.67,1.0,1.0,0.0,0.0,4.5,1.12,2.0,44.4444
gs-messaging-stomp-websocket,8,25,134.0,16.75,10.0,3.38,0.88,3.12,0.5,0.5,-0.3542,0.0,6.12,1.08,3.0,67.1642
gs-multi-module,10,13,67.0,6.7,5.5,1.3,0.5,1.3,0.7,0.7,-0.4333,0.0,2.85,1.0,1.0,89.5522
gs-producing-web-service,8,11,86.0,10.75,10.0,1.38,0.5,1.38,0.38,0.38,-0.625,0.0,4.18,1.0,1.0,81.3953
gs-reactive-rest-service,5,6,35.0,7.0,7.0,1.2,0.4,1.2,0.6,0.6,-0.6,0.0,3.83,1.0,1.0,142.8571
gs-relational-data-access,2,4,25.0,12.5,12.5,2.0,1.0,2.0,1.0,1.0,-0.1667,0.0,4.75,1.0,1.0,120.0
gs-rest-hateoas,9,14,213.0,23.67,8.0,2.67,1.56,1.56,0.44,0.44,-0.1111,0.0,11.64,1.71,5.0,46.9484
gs-rest-service,5,6,30.0,6.0,5.0,1.2,0.6,1.2,0.4,0.4,-0.6,0.0,2.83,1.0,1.0,200.0
gs-rest-service-cors,5,9,51.0,10.2,12.0,1.8,0.6,1.8,0.4,0.4,-0.6,0.0,4.56,1.0,1.0,117.6471
gs-scheduling-tasks,4,4,27.0,6.75,6.5,1.0,1.0,1.0,0.75,0.75,-0.25,0.0,3.75,1.0,1.0,148.1481
gs-securing-web,6,12,61.0,10.17,8.0,2.0,0.17,2.0,0.33,0.33,-0.8333,0.0,4.0,1.0,1.0,98.3607
gs-service-registration-and-discovery,8,9,45.0,5.62,5.0,1.12,0.25,1.12,0.38,0.38,-0.875,0.0,3.0,1.0,1.0,111.1111
gs-serving-web-content,5,7,32.0,6.4,5.0,1.4,0.2,1.4,0.4,0.4,-0.8,0.0,3.0,1.0,1.0,125.0
gs-spring-boot,6,7,49.0,8.17,6.0,1.5,0.33,1.17,0.33,0.33,-0.6667,0.0,5.0,1.29,2.0,122.449
gs-spring-boot-docker,5,10,189.0,37.8,8.0,4.0,2.4,2.0,0.4,0.4,0.0,0.0,14.9,2.0,5.0,42.328
gs-spring-cloud-loadbalancer,12,30,297.0,24.75,13.0,3.33,1.92,2.5,0.42,0.42,0.0556,0.0,7.67,1.33,5.0,80.8081
gs-spring-cloud-stream,9,12,86.0,9.56,5.0,1.33,0.0,1.33,0.67,0.67,-1.0,0.0,5.67,1.0,1.0,127.907
gs-spring-data-reactive-redis,5,7,38.0,7.6,8.0,1.4,0.6,1.4,0.4,0.4,-0.6,0.0,3.57,1.0,1.0,157.8947
gs-tanzu-observability,7,11,191.0,27.29,5.0,3.0,1.43,1.57,0.29,0.29,-0.4286,0.0,13.55,1.91,5.0,52.356
gs-testing-restdocs,8,12,197.0,24.62,5.0,2.75,1.38,1.5,0.25,0.25,-0.375,0.0,12.67,1.83,5.0,60.9137
gs-testing-web,11,12,66.0,6.0,6.0,1.09,0.73,1.09,0.45,0.45,-0.4545,0.0,3.0,1.0,1.0,136.3636
gs-uploading-files,16,59,312.0,19.5,12.0,4.19,0.75,3.69,0.88,0.88,-0.4571,0.25,4.24,1.14,3.0,64.1026
gs-validating-form-input,6,16,70.0,11.67,9.5,2.83,0.5,2.67,0.5,0.5,-0.6667,0.0,3.44,1.06,2.0,57.1429
gs-vault-config,4,9,45.0,11.25,11.0,2.25,0.75,2.25,0.75,0.75,-0.2083,0.0,3.44,1.0,1.0,44.4444
gst1-java-examples,44,228,3344.0,76.0,48.0,10.16,5.02,5.18,0.98,0.98,-0.1178,0.0,12.68,1.96,14.0,91.8062
hazelcast-test,4,14,112.0,28.0,20.0,5.5,1.25,3.5,0.25,0.25,-0.5,0.0,6.5,1.57,4.0,62.5
hexagonal-architecture-java,7,13,63.0,9.0,5.0,1.86,1.14,1.86,0.43,0.43,-0.4643,0.0,2.77,1.0,1.0,111.1111
hms-push-serverdemo-java,80,710,4318.0,53.98,30.0,10.22,6.11,8.88,2.81,2.81,0.185,0.1,4.49,1.15,23.0,40.2964
htm.java-examples,21,239,3189.0,151.86,128.0,19.81,5.76,11.38,0.9,0.9,-0.2004,0.1,11.03,1.74,9.0,107.8708
ibm-developer-java,23,50,542.0,23.57,20.0,3.61,3.3,2.17,1.09,1.09,0.0652,0.0,8.02,1.66,8.0,70.1107
integration-sample-lambda-msk,3,12,136.0,45.33,38.0,7.0,4.0,4.0,1.33,1.33,0.1667,0.0,9.33,1.75,6.0,161.7647
item-manager,7,21,98.0,14.0,14.0,3.14,0.86,3.0,0.86,0.86,-0.3274,0.0,3.71,1.05,2.0,71.4286
janusgraph-java-example,1,1,15.0,15.0,15.0,2.0,1.0,1.0,0.0,0.0,0.0,0.0,12.0,2.0,2.0,266.6667
java-by-rkaranam,133,285,1762.0,13.25,10.0,2.82,0.53,2.14,0.38,0.38,-0.6878,0.08,4.97,1.32,13.0,163.4506
java-clean-architecture-example,337,574,5954.0,17.67,13.0,1.91,2.38,1.7,1.85,1.85,-0.477,0.03,5.9,1.12,10.0,130.6685
java-code-demo,15,72,407.0,27.13,15.0,5.33,1.73,4.8,0.6,0.6,-0.2533,0.27,4.35,1.11,4.0,127.7641
java-code-sample,66,133,1323.0,20.05,13.5,2.88,1.76,2.02,0.52,0.52,-0.6193,0.11,8.5,1.43,13.0,101.285
java-codebits-cellar,33,66,910.0,27.58,21.0,2.88,1.61,2.0,0.79,0.79,0.0051,0.3,9.73,1.44,7.0,102.1978
java-coding-practice,12,84,707.0,58.92,59.5,10.83,1.25,7.0,1.08,1.08,-0.4722,0.0,7.0,1.55,8.0,96.181
java-demo,1,5,32.0,32.0,32.0,8.0,0.0,5.0,1.0,1.0,-1.0,0.0,5.4,1.6,2.0,93.75
java-demoapp,12,17,280.0,23.33,13.0,3.25,1.08,1.42,0.17,0.17,-0.1667,0.0,11.82,2.29,6.0,82.1429
java-design-patterns-1,110,285,1584.0,14.4,11.5,2.98,0.89,2.59,0.8,0.8,-0.4303,0.44,4.3,1.15,5.0,82.0707
java-hospital-patients-registry,7,29,214.0,30.57,22.0,6.57,2.29,4.14,1.14,1.14,-0.0476,0.0,6.31,1.59,7.0,46.729
java-hub,280,469,3680.0,13.14,11.0,2.3,0.44,1.68,0.1,0.1,-0.7697,0.01,6.35,1.37,13.0,180.7065
java-lessons-landfill,75,148,1436.0,19.15,15.0,2.93,0.67,1.97,0.16,0.16,-0.6016,0.0,8.34,1.49,7.0,128.1337
java-oop-examples,5,11,61.0,12.2,11.0,2.2,0.2,2.2,0.4,0.4,-0.8,0.2,4.55,1.0,1.0,81.9672
java-ort-example-yolov5,15,37,540.0,36.0,23.0,5.07,1.73,2.47,1.33,1.33,-0.4889,0.13,13.05,2.05,6.0,170.3704
java-tensorflow-samples,40,105,1096.0,27.4,15.5,5.2,1.4,2.62,1.32,1.32,-0.5007,0.1,9.05,1.98,13.0,103.1022
java-tuto-1,43,78,1226.0,28.51,19.0,2.88,0.33,1.81,0.19,0.19,-0.8517,0.05,12.1,1.59,6.0,84.0131
java-tutorial-project,8,20,100.0,12.5,5.0,3.0,0.75,2.5,0.38,0.38,-0.625,0.0,3.75,1.2,3.0,80.0
javaRepo,13,31,257.0,19.77,18.0,4.31,0.85,2.38,0.08,0.08,-0.6346,0.0,6.87,1.81,6.0,120.6226
javaSamples1,26,79,931.0,35.81,23.0,4.62,2.23,3.04,0.58,0.58,-0.1344,0.0,9.71,1.52,11.0,127.8195
java_code_samples,3,7,56.0,18.67,12.0,4.0,0.67,2.33,0.0,0.0,-0.3333,0.0,6.86,1.71,3.0,160.7143
java_examples,5,7,65.0,13.0,14.0,1.6,1.0,1.4,0.2,0.2,0.0,0.0,6.86,1.14,2.0,153.8462
java_library,10,43,458.0,45.8,28.5,6.1,1.0,4.3,0.9,0.9,-0.4,0.0,7.51,1.42,5.0,43.6681
java_programming_language,43,181,1069.0,24.86,14.0,6.72,1.33,4.21,0.4,0.4,-0.4247,0.0,5.11,1.6,34.0,249.7661
java_sample,2,1,31.0,15.5,15.5,0.5,0.0,0.5,0.0,0.0,-1.0,0.0,27.0,1.0,1.0,96.7742
java_samples,382,1190,7786.0,20.38,15.0,3.78,0.99,3.12,0.89,0.89,-0.4281,0.48,4.54,1.21,13.0,62.4197
javabackend_project,2,2,13.0,6.5,6.5,1.0,0.0,1.0,0.0,0.0,-1.0,0.0,4.5,1.0,1.0,307.6923
javaboy-code-samples,856,2387,18423.0,21.52,14.0,3.25,1.03,2.79,0.57,0.57,-0.5047,0.01,4.71,1.17,17.0,60.7936
javademo,3,2,11.0,3.67,4.0,0.67,0.0,0.67,0.33,0.33,-1.0,0.0,2.5,1.0,1.0,272.7273
javademos,40,75,559.0,13.97,12.0,2.98,0.33,1.88,0.3,0.3,-0.8842,0.0,6.21,1.59,6.0,169.9463
javafx-demodesktop-application,3,3,34.0,11.33,6.0,1.0,0.33,1.0,0.33,0.33,-0.6667,0.0,9.0,1.0,1.0,176.4706
javafx-examples,12,28,232.0,19.33,12.5,3.08,0.33,2.33,0.08,0.08,-0.9167,0.0,7.5,1.32,4.0,258.6207
javalab,101,240,2193.0,21.71,16.0,3.56,0.38,2.38,0.58,0.58,-0.769,0.03,6.91,1.5,13.0,96.2152
javalabs,5,10,111.0,22.2,20.0,3.4,0.6,2.0,0.2,0.2,-0.8,0.0,8.9,1.7,6.0,99.0991
javamoney-examples,460,2556,25765.0,56.01,29.5,9.12,2.03,5.56,1.66,1.66,-0.3862,0.19,7.33,1.64,31.0,72.2686
javaplays-alchemyapi,13,14,175.0,13.46,11.0,1.23,0.0,1.08,0.92,0.92,-1.0,0.0,10.64,1.14,3.0,80.0
javatut,30,33,471.0,15.7,15.5,2.47,0.77,1.1,0.27,0.27,-0.6,0.0,11.76,2.24,6.0,180.4671
javazuki-sample-codes,8,13,130.0,16.25,15.0,2.25,0.38,1.62,0.25,0.25,-0.625,0.0,7.54,1.38,3.0,115.3846
jdemo,26,116,1321.0,50.81,41.0,5.65,2.27,4.46,0.96,0.96,0.0636,0.42,5.32,1.27,5.0,31.0371
jnao-example,63,284,3543.0,56.24,30.0,8.51,5.27,4.51,0.67,0.67,-0.425,0.03,11.52,1.89,15.0,97.3751
kafka-producer-consumer-java-example,3,7,108.0,36.0,12.0,5.0,0.0,2.33,0.67,0.67,-1.0,0.0,14.0,2.14,7.0,74.0741
levelup-java-examples,403,1781,13665.0,33.91,29.0,5.14,1.18,4.42,0.09,0.09,-0.3254,0.0,5.85,1.16,14.0,170.7281
mau,18,101,796.0,44.22,29.5,7.89,2.72,5.61,2.5,2.5,-0.0977,0.17,6.42,1.41,5.0,69.0955
mongodb-java-examples,17,93,636.0,37.41,39.0,11.29,2.53,5.47,0.76,0.76,-0.2001,0.0,6.0,2.06,16.0,42.4528
ms-identity-android-java,9,124,1098.0,122.0,103.0,26.0,5.44,13.78,0.67,0.67,0.1802,0.11,10.31,1.89,5.0,56.4663
ms-identity-docs-code-java,0,0,0,0.0,0.0,0.0,0.0,0.0,0.0,0.0,0.0,0.0,0.0,0.0,0,0
msa-ddd-eventsourcing,113,269,1765.0,15.62,7.0,3.51,1.34,2.38,0.75,0.75,-0.462,0.12,5.01,1.48,6.0,53.2578
neow3j-examples-java,57,152,1530.0,26.84,13.0,4.49,1.96,2.67,0.33,0.33,-0.2174,0.0,8.09,1.68,9.0,71.8954
netflix-dgs-example-java,120,224,1399.0,11.66,8.0,2.27,0.83,1.87,0.47,0.47,-0.5792,0.03,4.58,1.22,10.0,140.1001
olami-nlu-samples-java,14,62,2935.0,209.64,54.5,22.0,5.93,4.43,0.64,0.64,-0.162,0.0,23.76,4.97,99.0,100.8518
old_java_code,12,44,826.0,68.83,51.5,5.33,1.42,3.67,0.33,0.33,-0.25,0.0,13.7,1.45,6.0,70.2179
on_the_road_java,113,332,2304.0,20.39,12.0,3.55,0.89,2.94,0.58,0.58,-0.4027,0.12,5.06,1.21,6.0,63.3681
open-liberty-on-aks,8,57,298.0,37.25,41.5,8.25,3.88,7.12,1.25,1.25,0.0732,0.0,4.4,1.16,6.0,26.8456
opencv-test,7,20,600.0,85.71,10.0,10.57,1.71,2.86,0.29,0.29,-0.7857,0.0,23.2,3.7,10.0,58.3333
opentelemetry-java-examples,134,305,2394.0,17.87,14.0,2.56,0.9,2.28,0.46,0.46,-0.5005,0.0,5.87,1.12,5.0,145.7811
oracle-spatial-visualizer-demo,4,11,167.0,41.75,43.5,4.25,2.0,2.75,0.75,0.75,-0.25,0.0,13.73,1.55,3.0,65.8683
oracle_java_tutorial_projects,12,28,220.0,18.33,15.5,2.67,1.0,2.33,0.67,0.67,-0.5,0.08,5.29,1.14,3.0,122.7273
outlook-actionable-messages-java-token-validation,5,19,219.0,43.8,42.0,5.6,1.6,3.8,1.0,1.0,-0.2222,0.0,6.63,1.47,5.0,13.6986
pe-solutions-in-java,25,106,812.0,32.48,26.0,6.88,0.52,4.24,1.24,1.24,-0.7367,0.0,6.18,1.62,7.0,61.5764
pit-example,2,2,21.0,10.5,10.5,2.0,0.0,1.0,0.5,0.5,-1.0,0.0,8.5,2.0,3.0,142.8571
play-demo-twitbookplus,16,71,430.0,26.88,18.0,5.12,3.25,4.44,1.25,1.25,-0.233,0.0,4.8,1.15,3.0,51.1628
potential-octo-chainsaw,33,54,528.0,16.0,13.0,2.55,1.94,1.64,0.52,0.52,-0.7576,0.36,6.74,1.56,5.0,172.3485
project-k,231,643,8499.0,36.79,34.0,7.65,0.41,2.78,1.19,1.19,-0.8074,0.01,12.34,2.75,13.0,101.7767
reactive-refarch-cloudformation,9,56,557.0,61.89,82.0,8.67,4.78,6.22,1.11,1.11,0.0967,0.0,8.7,1.39,5.0,46.6786
receive_payment_java,1,4,82.0,82.0,82.0,13.0,3.0,4.0,1.0,1.0,0.5,0.0,17.0,3.25,5.0,85.3659
redisson-examples,62,176,1704.0,27.48,24.0,3.34,0.9,2.84,0.15,0.15,-0.7572,0.02,9.34,1.18,5.0,153.169
sc-contract-car-rental,21,47,457.0,21.76,12.0,2.9,1.48,2.24,0.33,0.33,0.0627,0.0,7.11,1.3,5.0,109.4092
sdacademy-examples,366,992,6706.0,18.32,14.0,3.29,0.81,2.71,0.66,0.66,-0.5497,0.16,5.52,1.21,9.0,92.1563
sendOTPSample-JAVA,3,7,148.0,49.33,51.0,4.0,3.67,2.33,1.0,1.0,0.0,0.0,18.29,1.71,4.0,33.7838
sleuth-documentation-apps,14,33,259.0,18.5,11.0,2.5,1.36,2.36,0.21,0.21,-0.3321,0.0,6.55,1.06,3.0,185.3282
sleuth-issues,65,217,1581.0,24.32,14.0,4.31,1.65,3.34,0.66,0.66,-0.1123,0.02,5.69,1.29,5.0,65.7812
solent2Public,1921,8407,69417.0,36.14,24.0,6.04,1.9,4.38,1.52,1.52,-0.2078,0.06,6.38,1.38,15.0,53.4595
solid,32,86,445.0,13.91,13.0,2.81,1.03,2.69,0.19,0.19,-0.1688,0.56,2.76,1.05,3.0,89.8876
spark-cassandra-java-example,6,86,410.0,68.33,33.0,15.5,4.0,14.33,1.17,1.17,0.1807,0.0,4.7,1.08,2.0,78.0488
spring-javafx-examples,41,40,248.0,6.05,5.0,1.05,0.44,0.98,0.73,0.73,-0.7902,0.1,3.6,1.07,2.0,177.4194
springBoot-java,2,3,12.0,6.0,6.0,1.5,0.0,1.5,0.5,0.5,-1.0,0.0,2.67,1.0,1.0,83.3333
stock-trading-with-java-isc1128,33,180,3748.0,113.58,126.0,13.42,0.97,5.45,0.61,0.61,-0.6128,0.0,20.28,2.46,10.0,60.5656
structural-design-pattern-example,27,50,260.0,9.63,9.0,1.85,0.37,1.85,0.81,0.81,-0.7037,0.7,3.82,1.0,1.0,130.7692
syok_with_java,20,42,247.0,12.35,9.0,2.45,0.55,2.1,0.4,0.4,-0.7,0.3,4.52,1.17,4.0,141.7004
taketoday-tutorial4j,14168,50026,309204.0,21.82,14.0,4.1,1.17,3.53,0.64,0.64,-0.412,2.67,5.03,1.16,34.0,112.4856
telegram-bot,11,16,124.0,11.27,6.0,1.91,1.82,1.45,0.64,0.64,-0.4545,0.09,4.88,1.31,6.0,88.7097
tensorflow-example-java,18,96,633.0,35.17,29.5,6.56,2.5,5.33,1.06,1.06,-0.0769,0.0,4.81,1.23,5.0,66.3507
tensorflow-java,3,36,191.0,63.67,48.0,13.33,0.67,12.0,0.0,0.0,0.1032,0.0,4.94,1.11,3.0,73.2984
tensorflow-java-examples-spring,25,135,820.0,32.8,27.0,6.4,2.08,5.4,0.96,0.96,-0.2274,0.04,4.58,1.19,5.0,58.5366
test-spring4-apps,1,2,8.0,8.0,8.0,2.0,0.0,2.0,1.0,1.0,-1.0,0.0,3.0,1.0,1.0,0.0
testcontainers.testcontainers-java-examples,20,36,356.0,17.8,15.5,1.9,1.85,1.8,0.6,0.6,-0.3625,0.1,5.64,1.06,2.0,123.5955
the-legacy-app,21,34,351.0,16.71,11.0,2.14,0.9,1.62,0.86,0.86,-0.5442,0.14,6.56,1.32,5.0,85.4701
timrsyncclient,5,10,95.0,19.0,9.0,2.0,1.0,2.0,0.0,0.0,0.0,0.0,8.0,1.0,1.0,178.9474
tut-rest,36,114,560.0,15.56,5.0,3.53,0.83,3.17,1.08,1.08,-0.5886,0.0,4.02,1.11,3.0,92.8571
tutorial,59,317,1910.0,32.37,19.0,5.88,1.41,5.37,1.29,1.29,-0.1976,0.0,3.44,1.09,6.0,27.7487
tutorial_projects,3,7,78.0,26.0,22.0,4.0,2.0,2.33,0.67,0.67,-0.6667,0.0,9.14,1.71,4.0,76.9231
unsafe-java-world,16,24,261.0,16.31,13.0,2.0,0.19,1.5,1.44,1.44,-0.7604,0.0,9.0,1.33,3.0,145.5939
upacademyJavaStarterExamples,182,714,4342.0,23.86,12.5,5.54,1.07,3.92,0.53,0.53,-0.3923,0.47,5.24,1.41,8.0,84.293
usb4java-examples,9,30,707.0,78.56,67.0,10.44,3.44,3.33,0.67,0.67,-0.2778,0.0,15.07,3.13,18.0,48.0905
usb4java-javax-examples,17,83,1258.0,74.0,49.0,9.29,2.53,4.88,1.29,1.29,-0.4191,0.35,7.47,1.9,10.0,40.5405
visa-java-sample-code,240,1840,16735.0,69.73,21.0,12.51,2.0,7.67,0.55,0.55,-0.3265,0.16,6.84,1.63,11.0,44.1589
vydya-java,24,109,978.0,40.75,39.5,9.0,2.21,4.54,1.08,1.08,-0.1667,0.0,7.55,1.98,8.0,52.1472
wagetracker,20,88,562.0,28.1,26.0,5.35,1.75,4.4,1.15,1.15,-0.2919,0.0,5.41,1.22,6.0,172.5979
weatherApp,6,24,212.0,35.33,36.0,5.83,3.0,4.0,0.33,0.33,-0.1667,0.0,7.21,1.46,8.0,117.9245
webapp_with_jetty,1,8,98.0,98.0,98.0,17.0,6.0,8.0,0.0,0.0,0.875,0.0,10.38,2.12,6.0,61.2245
