repo_name,CommitCount,DaysActive,AuthorCount,TimezoneCount,SponsoredAuthorCount,PercentageSponsoredAuthors,NumberPRs,NumberIssues,NumberPRComments,NumberIssueComments,PRCommentsPositive,PRCommentsNegative,IssueCommentsPositive,IssueCommentsNegative,PRCommentsNegativeRatio,IssueCommentsNegativeRatio,PRCommentsToxicityPercentage,IssueCommentsToxicityPercentage,BusFactorNumber,commitCentrality_Density,commitCentrality_Community Count,commitCentrality_TFN,commitCentrality_TFC,commitCentrality_NumberHighCentralityAuthors,commitCentrality_PercentageHighCentralityAuthors,AuthorActiveDays_mean,AuthorActiveDays_stdev,AuthorCommitCount_mean,AuthorCommitCount_stdev,commitCentrality_Centrality_mean,commitCentrality_Centrality_stdev,commitCentrality_Centrality_count,commitCentrality_Betweenness_mean,commitCentrality_Betweenness_count,commitCentrality_Closeness_mean,commitCentrality_Closeness_count,PRParticipantsCount_mean,PRParticipantsCount_stdev,IssueParticipantCount_mean,IssueParticipantCount_stdev,PRCommentsCount_mean,IssueCommentsCount_mean,PRDuration_mean,IssueDuration_mean,NumberReleases,ACCL,RPCPR,RPCIssue,FirstCommitDate,LastCommitDate,NumberActiveExperiencedDevs,SponsoredTFC,ExperiencedTFC
JavaSampleCodes,20,1152,2,1,0,0.0,,,,,,,,,,,,,,1.0,1,0,100.0,2,1.0,577,814.5870119269027,10,11.313708498984761,1.0,0.0,2,0.0,2,1.0,2,,,,,,,,,,,,,2011-09-23,2014-11-19,,,
demo,1047,1075,6,5,1,0.16666666666666666,77,3,8,4,4,1,2,0,0.012987012987012988,0.0,0,0,0.9493670886075949,0.6,1,2,99.42693409742121,4,0.6666666666666666,395.8333333333333,450.1543809257738,174.5,355.6963592729057,0.6000000000000001,0.282842712474619,6,0.1,6,0.7404100529100529,6,2.6363636363636362,1.1910752650782988,1.6666666666666667,0.5773502691896257,0.1038961038961039,1.3333333333333333,126.35064935064935,840.6666666666666,,249.9375,0,0,2018-09-17,2021-08-27,0,0.4775549188156638,96.4660936007641
MyJavaNLayerTrials,5,595,1,2,0,0.0,,,,,,,,,,,,,,0,1,0,100.0,1,1.0,596,0,5,0,1,0,1,0.0,1,0.0,1,,,,,,,,,,,,,2023-07-04,2025-02-18,,,
java-tutorial-projects,1,0,1,1,0,0.0,,,,,,,,,,,,,,,,,,,,1,0,1,0,,,,,,,,,,,,,,,,,,,,2020-08-12,2020-08-12,,,
MipSDK-File-Java-Basic,41,1298,6,4,3,0.5,10,10,0,6,0,0,1,0,0.0,0.0,0,0,1.0,0.2,3,6,0.0,0,0.0,230.5,439.8689577590126,6.833333333333333,7.1110243050257305,0.2,0.12649110640673517,6,0.016666666666666666,6,0.22222222222222224,6,1.2,0.4216370213557839,1.3,0.6749485577105528,0,0.6,151.4,896.7,,80.58333333333333,0,0,2020-08-21,2024-03-12,0,21.951219512195124,75.60975609756098
azure-cosmos-cassandra-extensions-java-sample-v4,53,492,6,4,1,0.16666666666666666,8,1,0,1,0,0,0,0,0.0,0.0,0,0,-0.5,0.7333333333333333,2,0,100.0,6,1.0,148.33333333333334,192.3025394181436,8.833333333333334,7.25028735062733,0.7333333333333334,0.20655911179772884,6,0.06666666666666667,6,0.8095238095238095,6,1.25,0.4629100498862757,3,0,0,1,94.75,419,,38.5,0,0,2020-04-02,2021-08-07,0,3.7735849056603774,54.71698113207547
azure-cosmos-cassandra-extensions-java-sample,33,420,4,3,1,0.25,,,,,,,,,,,,,,1.0,1,0,100.0,4,1.0,210.75,242.19878199528586,8.25,9.97914491994847,1.0,0.0,4,0.0,4,1.0,4,,,,,,,,,,,,,2020-01-30,2021-03-26,,,
azure-functions-samples-java,68,1658,14,10,6,0.42857142857142855,41,5,17,3,7,1,1,0,0.0,0.0,0,0,1.0,0.16483516483516483,4,14,0.0,0,0.0,177.92857142857142,249.5982816403234,4.857142857142857,6.992932067530679,0.16483516483516483,0.11231475562267258,14,0.028388278388278388,14,0.24432756162589797,14,2.073170731707317,0.8182372486766606,1.4,0.5477225575051661,0.4146341463414634,0.6,29.317073170731707,423.4,,99.4607843137255,0,0,2020-02-13,2024-08-29,0,30.88235294117647,79.41176470588235
azure-search-java-samples,168,2498,13,7,6,0.46153846153846156,,,,,,,,,,,,,,0.24358974358974358,3,12,38.095238095238095,1,0.07692307692307693,264.53846153846155,503.161938045234,12.923076923076923,19.137491730725575,0.24358974358974358,0.18465915316875806,13,0.09906759906759907,13,0.500450048360971,13,,,,,,,,,,,,,2019-04-01,2026-02-02,,,
azure-spring-data-cosmos-java-sql-api-samples,42,1440,9,4,4,0.4444444444444444,15,5,2,8,1,0,5,1,0.0,0.0,0,0,1.0,0.1111111111111111,5,9,0.0,0,0.0,88.22222222222223,245.19929535878452,4.666666666666667,3.3166247903554,0.1111111111111111,0.041666666666666664,9,0.0,9,0.1111111111111111,9,1.2666666666666666,0.5936168397046637,1.8,0.4472135954999579,0.13333333333333333,1.6,228.73333333333332,184,,155.0,0,0,2020-08-12,2024-07-23,0,47.61904761904761,23.809523809523807
communication-services-android-calling-hero,68,1092,12,4,5,0.4166666666666667,131,6,87,22,19,14,14,2,0.030534351145038167,0.0,0,0,0.8571428571428571,0.3787878787878788,4,8,41.17647058823529,4,0.3333333333333333,134.33333333333334,305.2394986156797,5.666666666666667,5.41602560309064,0.3787878787878788,0.24156182687534855,12,0.03636363636363636,12,0.4624324539097267,12,2.931297709923664,1.266071086196351,2.5,1.378404875209022,0.6641221374045801,3.6666666666666665,13.389312977099237,19.166666666666668,32,412.2776907001045,0,0,2021-03-09,2024-03-06,0,39.705882352941174,32.35294117647059
data-box-samples,46,919,9,4,5,0.5555555555555556,8,,1,,0,0,,,0.0,,0,,,0.3055555555555556,3,7,56.52173913043478,2,0.2222222222222222,90.22222222222223,163.68855929613542,5.111111111111111,6.411794687223781,0.3055555555555556,0.20833333333333334,9,0.047619047619047616,9,0.41507936507936505,9,2.125,0.9910312089651149,,,0.125,,58.5,,,0,0,,2021-09-24,2024-04-01,,,
ms-identity-android-java,112,2221,28,8,14,0.5,75,26,23,37,3,0,13,12,0.0,0.15384615384615385,0,0,1.0,0.09523809523809523,7,28,0.0,0,0.0,100.64285714285714,195.4690871241896,4,5.912948753622254,0.09523809523809523,0.0556045247634372,28,0.006715506715506716,28,0.1249794459694209,28,1.88,1.2940612793042665,1.8076923076923077,1.233506571339797,0.30666666666666664,1.4230769230769231,59.733333333333334,930.2692307692307,,210.52937720329024,0,0,2019-06-30,2025-07-30,0,31.25,51.78571428571429
ms-identity-docs-code-java,29,1064,8,7,2,0.25,51,,54,,7,0,,,0.0,,0,,,0.25,4,7,44.827586206896555,1,0.125,58.5,118.4229707446997,3.625,4.307385683749649,0.25,0.16642353500306215,8,0.023809523809523808,8,0.2976190476190476,8,0.9607843137254902,1.2642908575755105,,,1.0588235294117647,,147.37254901960785,,,0,0,,2021-11-16,2024-10-16,,,
open-liberty-on-aks,124,1575,11,6,3,0.2727272727272727,48,1,22,5,6,1,3,1,0.0,0.0,0,0,0.7777777777777778,0.2909090909090909,3,9,64.51612903225806,2,0.18181818181818182,303.45454545454544,555.2254251448439,11.272727272727273,17.228412051555473,0.29090909090909095,0.21658506621900533,11,0.09494949494949495,11,0.5586512482583164,11,1.1875,0.5707870639217619,2,0,0.4583333333333333,5,9.041666666666666,34,,339.3727272727273,0,0,2020-12-30,2025-04-23,0,14.516129032258066,66.12903225806451
demo-DSV-java,3,0,1,1,1,1.0,,,,,,,,,,,,,,,,,,,,1,0,3,0,,,,,,,,,,,,,,,,,,,,2023-01-14,2023-01-15,,,
java-oop-examples,9,1547,2,1,0,0.0,8,,8,,2,0,,,0.0,,0,,,0,2,2,0.0,0,0.0,4.5,4.949747468305833,4.5,4.949747468305833,0.0,0.0,2,0.0,2,0.0,2,0.25,0.4629100498862757,,,1,,50.5,,,0,0,,2018-06-01,2022-08-26,,,
helloworld,4,1641,2,2,2,1.0,74,3,20,1,3,0,0,0,0.0,0.0,0,0,1.0,0,2,2,0.0,0,0.0,187,263.0437226013957,2,1.4142135623730951,0.0,0.0,2,0.0,2,0.0,2,1.5675675675675675,0.5255416274867287,1.6666666666666667,0.5773502691896257,0.2702702702702703,0.3333333333333333,486.0945945945946,417.3333333333333,,15.375,0,0,2018-09-08,2023-03-08,0,100.0,75.0
cybersource-rest-samples-java,423,2670,30,4,9,0.3,116,15,15,8,4,2,3,1,0.017241379310344827,0.06666666666666667,0,0,0.9375,0.2942528735632184,3,27,43.02600472813239,3,0.1,379,619.8243355149519,14.1,30.040604704873747,0.2942528735632184,0.19075636062993676,30,0.026683087027914613,30,0.5836450170613221,30,1.7413793103448276,0.6867781067535875,1.3333333333333333,0.4879500364742666,0.12931034482758622,0.5333333333333333,80.49137931034483,1414.0666666666666,,111.4875,0,0,2018-09-14,2026-01-06,0,15.36643026004728,82.03309692671394
_100DaysOfCode,35,399,2,1,0,0.0,,,,,,,,,,,,,,1.0,1,0,100.0,2,1.0,202.5,267.9934700697015,17.5,19.091883092036785,1.0,0.0,2,0.0,2,1.0,2,,,,,,,,,,,,,2023-09-13,2024-10-17,,,
datomic-java-examples,71,4645,8,5,2,0.25,4,3,1,3,1,0,1,1,0.0,0.3333333333333333,0,0,1.0,0.21428571428571427,3,8,0.0,0,0.0,492.25,588.0788941241522,8.875,8.871100753087442,0.21428571428571427,0.10798984943120778,8,0.023809523809523808,8,0.24107142857142855,8,0.75,0.9574271077563381,2,0.0,0.25,1,1005.5,820.3333333333334,,396.6666666666667,0,0,2012-10-24,2025-07-14,0,4.225352112676056,87.32394366197182
Java_Sample_Codes,2,6,1,1,0,0.0,,1,,0,,,0,0,,0.0,,0,,0,1,0,100.0,1,1.0,7,0,2,0,1,0,1,0.0,1,0.0,1,,,1,0,,0,,841,,,,0,2023-10-21,2023-10-28,,,
JavabackEnd_Project,10,0,5,1,5,1.0,,,,,,,,,,,,,,,,,,,,1,0.0,2,1.4142135623730951,,,,,,,,,,,,,,,,,,,,2025-07-30,2025-07-30,,,
ddd,21,2063,2,1,0,0.0,,2,,0,,,0,0,,0.0,,0,,1.0,1,0,100.0,2,1.0,1036,1453.8115421195416,10.5,0.7071067811865476,1.0,0.0,2,0.0,2,1.0,2,,,1,0.0,,0,,1281.5,,,,0,2019-05-19,2025-01-10,,,
javalab,81,119,8,1,8,1.0,21,1,0,0,0,0,0,0,0.0,0.0,0,0,0.0,1.0,1,0,100.0,8,1.0,15.875,42.072853480599576,10.125,22.592271118365108,1.0,0.0,8,0.0,8,1.0,8,1.7142857142857142,0.4629100498862757,1,0,0,0,0,0,,0.0,0,0,2024-02-24,2024-06-22,0,100.0,0.0
foglight-rest-api-java-sample-code,8,97,3,2,1,0.3333333333333333,,,,,,,,,,,,,,1.0,1,0,100.0,3,1.0,33.333333333333336,56.0029761113937,2.6666666666666665,2.886751345948129,1.0,0.0,3,0.0,3,1.0,3,,,,,,,,,,,,,2017-07-05,2017-10-11,,,
Code_Along_with_GZM__JAVA,13,1,3,1,0,0.0,4,,1,,0,0,,,0.0,,0,,,1.0,1,0,100.0,3,1.0,1.3333333333333333,0.5773502691896257,4.333333333333333,0.5773502691896257,1.0,0.0,3,0.0,3,1.0,3,2,0.0,,,0.25,,0,,,0,0,,2022-08-13,2022-08-14,,,
JavaCodeSnippets,1,0,1,1,0,0.0,,,,,,,,,,,,,,,,,,,,1,0,1,0,,,,,,,,,,,,,,,,,,,,2022-09-16,2022-09-16,,,
JavaLabs,19,51,2,1,0,0.0,,,,,,,,,,,,,,1.0,1,0,100.0,2,1.0,26.5,36.062445840513924,9.5,6.363961030678928,1.0,0.0,2,0.0,2,1.0,2,,,,,,,,,,,,,2019-10-31,2019-12-22,,,
VLC-SCFS004-24-0650,138,21,1,1,0,0.0,,,,,,,,,,,,,,0,1,0,100.0,1,1.0,22,0,138,0,1,0,1,0.0,1,0.0,1,,,,,,,,,,,,,2024-09-17,2024-10-08,,,
hms-push-serverdemo-java,33,1126,6,1,4,0.6666666666666666,5,19,1,15,0,0,0,1,0.0,0.0,0,0,0.8823529411764706,0.4,2,4,45.45454545454545,2,0.3333333333333333,351.3333333333333,411.94740764649396,5.5,4.03732584763727,0.4,0.28284271247461906,6,0.06666666666666668,6,0.493968253968254,6,1,1.7320508075688772,1.6842105263157894,0.5823927253578186,0.2,0.7894736842105263,1345.4,917.0526315789474,,52.06666666666667,0,0,2020-05-25,2023-06-26,0,66.66666666666666,84.84848484848484
ibm-developer-java,10,137,4,3,4,1.0,6,,0,,0,0,,,0.0,,0,,,0.16666666666666666,3,4,0.0,0,0.0,15.5,20.760539492026695,2.5,1.2909944487358056,0.16666666666666666,0.19245008972987526,4,0.0,4,0.16666666666666666,4,0.8333333333333334,0.752772652709081,,,0,,64,,,0,0,,2025-08-28,2026-01-12,,,
mongodb-java-examples,21,664,1,2,0,0.0,,,,,,,,,,,,,,0,1,0,100.0,1,1.0,665,0,21,0,1,0,1,0.0,1,0.0,1,,,,,,,,,,,,,2013-03-27,2015-01-20,,,
java8,17,2052,1,1,0,0.0,,,,,,,,,,,,,,0,1,0,100.0,1,1.0,2053,0,17,0,1,0,1,0.0,1,0.0,1,,,,,,,,,,,,,2019-03-15,2024-10-27,,,
javamoney-examples,472,4455,10,10,1,0.1,31,40,21,93,16,2,43,12,0.0,0.05,0,0,0.9565217391304348,0.28888888888888886,3,9,81.14406779661016,1,0.1,996.1,1402.639690013084,47.2,118.43967053126903,0.28888888888888886,0.23541109010475114,10,0.09999999999999999,10,0.5747268907563026,10,1.2580645161290323,0.7288228836273767,1.675,1.0472797485843368,0.6774193548387096,2.325,159.32258064516128,1270.175,12,266.8748079877112,0,0,2013-01-23,2025-04-06,0,0.211864406779661,94.70338983050848
JavaDemoJenkins,2,0,1,1,1,1.0,,,,,,,,,,,,,,,,,,,,1,0,2,0,,,,,,,,,,,,,,,,,,,,2023-02-02,2023-02-02,,,
KeyAuth-JAVA-api,11,111,1,1,0,0.0,1,,0,,0,0,,,0.0,,0,,,0,1,0,100.0,1,1.0,112,0,11,0,1,0,1,0.0,1,0.0,1,1,0,,,0,,96,,,0,0,,2021-10-07,2022-01-27,,,
JavaDemoApplication,11,399,3,1,0,0.0,,,,,,,,,,,,,,0,3,3,0.0,0,0.0,9,13.0,3.6666666666666665,2.516611478423583,0.0,0.0,3,0.0,3,0.0,3,,,,,,,,,,,,,2016-10-06,2017-11-09,,,
JavaTutorialProjectsGuidedPersonal,1,0,1,1,0,0.0,,,,,,,,,,,,,,,,,,,,1,0,1,0,,,,,,,,,,,,,,,,,,,,2023-11-03,2023-11-03,,,
Java-Demo-Application-with-Spring-Boot-and-Security,3,0,1,1,0,0.0,,,,,,,,,,,,,,,,,,,,1,0,3,0,,,,,,,,,,,,,,,,,,,,2025-08-16,2025-08-16,,,
Proj11x,1,0,1,1,1,1.0,,,,,,,,,,,,,,,,,,,,1,0,1,0,,,,,,,,,,,,,,,,,,,,2023-02-01,2023-02-01,,,
gateway-java-sample-code,564,700,21,5,12,0.5714285714285714,29,,3,,0,0,,,0.0,,0,,,0.4523809523809524,3,13,37.234042553191486,8,0.38095238095238093,113.47619047619048,166.54087157440333,26.857142857142858,53.05307315725048,0.4523809523809524,0.22387283805555247,21,0.03809523809523809,21,0.6037837294701461,21,1.5517241379310345,0.9851108312031163,,,0.10344827586206896,,273.3103448275862,,,0,0,,2017-11-28,2019-10-29,,,
JavaSamples1,1,0,1,1,0,0.0,,,,,,,,,,,,,,,,,,,,1,0,1,0,,,,,,,,,,,,,,,,,,,,2022-06-17,2022-06-17,,,
outlook-actionable-messages-java-token-validation,27,977,5,2,3,0.6,,,,,,,,,,,,,,0.3,3,5,0.0,0,0.0,175.4,218.758542690337,5.4,4.61519230368573,0.3,0.27386127875258304,5,0.0,5,0.3,5,,,,,,,,,,,,,2016-11-17,2019-07-23,,,
Commerce-API-Java,16,19,2,1,0,0.0,1,1,0,1,0,0,0,0,0.0,0.0,0,0,0.0,1.0,1,0,100.0,2,1.0,10.5,13.435028842544403,8,9.899494936611665,1.0,0.0,2,0.0,2,1.0,2,1,0,1,0,0,1,3470,3567,,421.0,0,0,2015-08-22,2015-09-10,0,0.0,0.0
azure4j-blog-samples,15,20,1,1,0,0.0,,,,,,,,,,,,,,0,1,0,100.0,1,1.0,21,0,15,0,1,0,1,0.0,1,0.0,1,,,,,,,,,,,,,2012-05-24,2012-06-14,,,
Java_MVVM_with_Swing_and_RxJava_Examples,112,440,2,3,0,0.0,3,5,3,22,2,1,13,3,0.3333333333333333,0.0,0,0,0.6,1.0,1,0,100.0,2,1.0,221,311.1269837220809,56,73.53910524340094,1.0,0.0,2,0.0,2,1.0,2,1.6666666666666667,0.5773502691896257,2,0.7071067811865476,1,4.4,0.6666666666666666,1989.6,6,414.60606060606057,0,0,2015-09-12,2016-11-25,0,0.0,96.42857142857143
gs-relational-data-access,3,0,1,1,1,1.0,,,,,,,,,,,,,,,,,,,,1,0,3,0,,,,,,,,,,,,,,,,,,,,2018-08-19,2018-08-19,,,
java_examples,14,1871,3,2,0,0.0,1,1,1,5,1,0,1,1,0.0,0.0,0,0,0.6666666666666666,0.6666666666666666,1,2,71.42857142857143,1,0.3333333333333333,624.6666666666666,1080.2223536537897,4.666666666666667,4.725815626252608,0.6666666666666666,0.28867513459481287,3,0.3333333333333333,3,0.7777777777777778,3,2,0,2,0,1,5,0,0,,107.1,0,0,2016-01-05,2021-02-19,0,0.0,71.42857142857143
JavaTutorialsProject,1,0,1,1,1,1.0,,,,,,,,,,,,,,,,,,,,1,0,1,0,,,,,,,,,,,,,,,,,,,,2022-04-08,2022-04-08,,,
Java-Sample-Codes,42,44,1,1,0,0.0,,,,,,,,,,,,,,0,1,0,100.0,1,1.0,45,0,42,0,1,0,1,0.0,1,0.0,1,,,,,,,,,,,,,2019-09-09,2019-10-24,,,
JavaSampleCodeForPull,1,0,1,1,0,0.0,,,,,,,,,,,,,,,,,,,,1,0,1,0,,,,,,,,,,,,,,,,,,,,2025-03-06,2025-03-06,,,
JavaLearningTutorial,1,0,1,1,1,1.0,,,,,,,,,,,,,,,,,,,,1,0,1,0,,,,,,,,,,,,,,,,,,,,2023-06-02,2023-06-02,,,
JAVA_TUTORIAL_PROJECTS,6,94,1,1,1,1.0,1,,0,,0,0,,,0.0,,0,,,0,1,0,100.0,1,1.0,95,0,6,0,1,0,1,0.0,1,0.0,1,1,0,,,0,,2553,,,0,0,,2018-11-11,2019-02-14,,,
hexagonal-architecture-java,52,533,2,4,0,0.0,8,,6,,2,3,,,0.25,,0,,,1.0,1,0,100.0,2,1.0,267.5,376.8879143724298,26,35.35533905932738,1.0,0.0,2,0.0,2,1.0,2,1.625,0.7440238091428449,,,0.75,,365.25,,,0,0,,2023-05-31,2024-11-15,,,
aws-lambda-api-java-example,2,0,1,1,0,0.0,,,,,,,,,,,,,,,,,,,,1,0,2,0,,,,,,,,,,,,,,,,,,,,2019-03-21,2019-03-21,,,
creational-design-patterns-example,6,4,1,1,0,0.0,,,,,,,,,,,,,,0,1,0,100.0,1,1.0,5,0,6,0,1,0,1,0.0,1,0.0,1,,,,,,,,,,,,,2017-12-22,2017-12-26,,,
structural-design-pattern-example,5,39,1,1,0,0.0,,,,,,,,,,,,,,0,1,0,100.0,1,1.0,40,0,5,0,1,0,1,0.0,1,0.0,1,,,,,,,,,,,,,2017-12-26,2018-02-03,,,
Java,3128,3498,765,22,253,0.330718954248366,,1201,,3315,,,1640,189,,0.018318068276436304,,0,1.0,0.04724703144783219,7,765,0.0,0,0.0,31.075816993464052,135.57990439082832,4.088888888888889,16.486626166387214,0.04724703144783219,0.04092361516682196,765,0.0024130439277236762,765,0.3571615133955794,765,,,2.4188176519567026,2.116273202484692,,2.758534554537885,,63.084096586178184,,80.82337858220211,0,0,2016-07-16,2026-02-13,0,12.21227621483376,53.99616368286445
ELK-Logger,28,23,4,3,2,0.5,2,2,0,0,0,0,0,0,0.0,0.0,0,0,-1.0,1.0,1,0,100.0,4,1.0,1,0.0,7,6.683312551921141,1.0,0.0,4,0.0,4,1.0,4,2,0.0,1,0.0,0,0,138,138,,0.0,0,0,2022-03-09,2022-04-02,0,14.285714285714285,0.0
TestProject,1,0,1,1,1,1.0,,,,,,,,,,,,,,,,,,,,1,0,1,0,,,,,,,,,,,,,,,,,,,,2022-12-23,2022-12-23,,,
JavaExamples,58,119,2,1,0,0.0,,,,,,,,,,,,,,1.0,1,0,100.0,2,1.0,60,83.43860018001261,29,39.59797974644666,1.0,0.0,2,0.0,2,1.0,2,,,,,,,,,,,,,2015-05-01,2015-08-28,,,
CodingJAVA,5,0,3,1,2,0.6666666666666666,,,,,,,,,,,,,,,,,,,,1,0.0,1.6666666666666667,0.5773502691896257,,,,,,,,,,,,,,,,,,,,2019-01-10,2019-01-11,,,
JavaPractice,417,1095,2,1,0,0.0,1,,0,,0,0,,,0.0,,0,,,1.0,1,0,100.0,2,1.0,606.5,692.25753878163,208.5,205.76807332528534,1.0,0.0,2,0.0,2,1.0,2,0,0,,,0,,977,,,0,0,,2018-07-12,2021-07-11,,,
TensorFlow-Java-Examples,4,0,2,1,2,1.0,,,,,,,,,,,,,,,,,,,,1,0.0,2,1.4142135623730951,,,,,,,,,,,,,,,,,,,,2018-04-22,2018-04-22,,,
KodlamaIoJavaTutorialProjectsPart1Eclipse,7,2,2,1,0,0.0,,,,,,,,,,,,,,1.0,1,0,100.0,2,1.0,2,1.4142135623730951,3.5,3.5355339059327378,1.0,0.0,2,0.0,2,1.0,2,,,,,,,,,,,,,2022-11-20,2022-11-22,,,
KodlamaIoJavaTutorialProjectsPart1Intellij,2,0,2,1,0,0.0,,,,,,,,,,,,,,,,,,,,1,0.0,1,0.0,,,,,,,,,,,,,,,,,,,,2022-11-22,2022-11-22,,,
rest-api-sample,3,1500,2,2,2,1.0,1,,0,,0,0,,,0.0,,0,,,0,2,2,0.0,0,0.0,8.5,10.606601717798213,1.5,0.7071067811865476,0.0,0.0,2,0.0,2,0.0,2,1,0,,,0,,1978,,,0,0,,2018-07-11,2022-08-19,,,
CodeSamples,809,4566,5,4,0,0.0,3,,1,,1,0,,,0.0,,0,,,0.4,1,4,97.6514215080346,1,0.2,1364.8,2008.6815825311885,161.8,351.1904041969256,0.4,0.33541019662496846,5,0.2,5,0.6571428571428571,5,0,0.0,,,0.3333333333333333,,385,,,0,0,,2013-02-05,2025-08-07,,,
Amenity-Reservation,9,535,2,2,0,0.0,,,,,,,,,,,,,,1.0,1,0,100.0,2,1.0,267,376.1808075912433,4.5,0.7071067811865476,1.0,0.0,2,0.0,2,1.0,2,,,,,,,,,,,,,2022-11-25,2024-05-13,,,
test-spring4-apps,2,0,1,1,1,1.0,,,,,,,,,,,,,,,,,,,,1,0,2,0,,,,,,,,,,,,,,,,,,,,2025-08-02,2025-08-02,,,
JavaDemo,397,0,67,3,63,0.9402985074626866,,,,,,,,,,,,,,,,,,,,1,0.0,5.925373134328358,9.90609459302373,,,,,,,,,,,,,,,,,,,,2021-06-11,2021-06-11,,,
amv-trafficsoft-restclient-demo,22,287,2,2,1,0.5,,,,,,,,,,,,,,1.0,1,0,100.0,2,1.0,188.5,140.71424945612296,11,5.656854249492381,1.0,0.0,2,0.0,2,1.0,2,,,,,,,,,,,,,2017-04-11,2018-01-24,,,
java-sample-code,2,1,2,1,1,0.5,,,,,,,,,,,,,,1.0,1,0,100.0,2,1.0,1,0.0,1,0.0,1.0,0.0,2,0.0,2,1.0,2,,,,,,,,,,,,,2017-10-18,2017-10-20,,,
java-code-examples,20,32,1,1,0,0.0,,,,,,,,,,,,,,0,1,0,100.0,1,1.0,33,0,20,0,1,0,1,0.0,1,0.0,1,,,,,,,,,,,,,2016-02-08,2016-03-11,,,
Java_SampleCode,3,31,2,1,0,0.0,,,,,,,,,,,,,,0,2,2,0.0,0,0.0,1,0.0,1.5,0.7071067811865476,0.0,0.0,2,0.0,2,0.0,2,,,,,,,,,,,,,2015-10-16,2015-11-16,,,
oracle_java_tutorial_projects,1,0,1,1,0,0.0,,,,,,,,,,,,,,,,,,,,1,0,1,0,,,,,,,,,,,,,,,,,,,,2016-10-29,2016-10-29,,,
receive_payment_java,4,0,1,2,0,0.0,,,,,,,,,,,,,,,,,,,,1,0,4,0,,,,,,,,,,,,,,,,,,,,2012-08-31,2012-08-31,,,
Aspose.BarCode-for-Java,456,4649,30,5,8,0.26666666666666666,30,1,2,2,0,0,1,0,0.0,0.0,0,0,1.0,0.07816091954022988,10,30,0.0,0,0.0,151.43333333333334,237.92996409887502,15.2,51.25150964975872,0.07816091954022988,0.062038130359834985,30,0.009441707717569787,30,0.12989572073419622,30,1.8666666666666667,0.5713464637233658,2,0,0.06666666666666667,2,5.066666666666666,0,7,68.0,0,0,2013-03-19,2025-12-11,0,5.701754385964912,27.412280701754387
Aspose.Cells-for-Java,572,4711,35,5,11,0.3142857142857143,46,28,9,100,3,1,53,3,0.0,0.0,0,0,1.0,0.11764705882352941,8,35,0.0,0,0.0,313.14285714285717,455.57792275030073,16.34285714285714,31.445511095659217,0.11764705882352941,0.09409601827603563,35,0.014820473644003055,35,0.19003042931036754,35,1.7173913043478262,0.7792601470700232,2.107142857142857,0.7859547491585427,0.1956521739130435,3.607142857142857,122.71739130434783,1033.7142857142858,15,213.57277777777776,0,0,2013-03-19,2026-02-11,0,5.244755244755245,89.5104895104895
Aspose.Diagram-for-Java,89,3015,21,3,6,0.2857142857142857,16,5,0,10,0,0,5,0,0.0,0.0,0,0,1.0,0.05238095238095238,13,21,0.0,0,0.0,178.9047619047619,362.8594638096001,4.238095238095238,4.700050658288291,0.05238095238095239,0.051176631571915904,21,0.003258145363408521,21,0.05903573939288225,21,1.5625,0.51234753829798,2,0.7071067811865476,0,2,220.6875,2315.8,3,176.3,0,0,2014-05-29,2022-08-30,0,19.101123595505616,66.29213483146067
Aspose.Email-for-Java,201,3018,33,5,11,0.3333333333333333,42,6,1,5,0,0,4,0,0.0,0.0,0,0,1.0,0.0946969696969697,12,33,0.0,0,0.0,183.66666666666666,385.90475400889613,6.090909090909091,10.010505844997407,0.0946969696969697,0.08924215996674612,33,0.009897360703812317,33,0.1854220325629059,33,1.4761904761904763,0.6712963519208239,1.8333333333333333,0.408248290463863,0.023809523809523808,0.8333333333333334,93.02380952380952,667.6666666666666,8,122.5,0,0,2013-03-19,2021-06-24,0,12.935323383084576,67.66169154228857
Aspose.HTML-for-Java,37,2980,13,4,5,0.38461538461538464,8,1,1,1,0,0,0,1,0.0,1.0,0,0,1.0,0.08974358974358974,7,13,0.0,0,0.0,66.46153846153847,111.40886812743364,2.8461538461538463,2.0754980866510833,0.08974358974358974,0.06329621044272916,13,0.0011655011655011655,13,0.09401709401709402,13,1.5,0.5345224838248488,2,0,0.125,1,0,741,,55.5,0,0,2017-10-12,2025-12-09,0,27.027027027027028,29.72972972972973
Aspose.PDF-for-Java,301,4542,37,7,13,0.35135135135135137,28,36,2,93,1,0,64,14,0.0,0.08333333333333333,0,0,1.0,0.07657657657657657,12,37,0.0,0,0.0,167.6216216216216,349.5254204196306,8.135135135135135,22.9385194743618,0.07657657657657657,0.06625561465370165,37,0.02423852423852424,37,0.15183692964969628,37,1.6071428571428572,0.6852566815265062,2.2777777777777777,1.0852547064066471,0.07142857142857142,2.5833333333333335,15.428571428571429,1395.611111111111,8,200.6290322580645,0,0,2013-03-19,2025-08-26,0,8.637873754152823,80.06644518272425
Aspose.Slides-for-Java,466,4712,31,4,9,0.2903225806451613,22,10,1,34,0,0,14,5,0.0,0.0,0,0,1.0,0.10967741935483871,6,31,0.0,0,0.0,231.6451612903226,452.8047812164455,15.03225806451613,25.88111779009006,0.10967741935483871,0.09706567016700668,31,0.01668520578420467,31,0.25262077496971136,31,1.8181818181818181,0.7950060578603361,2.4,0.8432740427115678,0.045454545454545456,3.4,84.04545454545455,423.3,10,265.4264705882353,0,0,2013-03-19,2026-02-11,0,5.793991416309012,84.33476394849787
Aspose.Tasks-for-Java,123,4090,26,4,10,0.38461538461538464,17,,0,,0,0,,,0.0,,0,,,0.07384615384615385,10,26,0.0,0,0.0,184.53846153846155,399.4799850574976,4.730769230769231,6.2325448562056405,0.07384615384615385,0.06267866769974761,26,0.007564102564102565,26,0.11601812286308595,26,1.7647058823529411,0.5622957145383871,,,0,,3.0588235294117645,,3,0,0,,2013-12-18,2025-02-28,,,
Aspose.Words-for-Java,864,5045,36,7,10,0.2777777777777778,40,75,14,309,6,6,121,18,0.025,0.013333333333333334,0,0,1.0,0.15079365079365079,5,36,0.0,0,0.0,430.6666666666667,649.477856215503,24,44.06164512848529,0.15079365079365079,0.10394237271119594,36,0.04673202614379086,36,0.364811336651861,36,1.775,0.6975230903263787,2.36,0.8324499822649845,0.35,4.133333333333334,103.675,438.48,13,228.1882801664355,0,0,2011-11-25,2025-09-18,0,4.398148148148148,94.56018518518519
amazon-kinesis-analytics-beam-taxi-consumer,83,1588,9,6,4,0.4444444444444444,22,2,5,3,1,0,2,0,0.0,0.0,0,0,0.6666666666666666,0.2777777777777778,2,7,60.24096385542169,2,0.2222222222222222,286.8888888888889,399.91606758307563,9.222222222222221,10.986102331784664,0.2777777777777778,0.20518453753741886,9,0.051587301587301584,9,0.4039682539682539,9,1,0.6172133998483676,2,0.0,0.22727272727272727,1.5,6,5.5,3,171.9,0,0,2019-06-19,2023-10-25,0,21.686746987951807,71.08433734939759
amazon-kinesis-analytics-streaming-etl,77,1310,8,5,4,0.5,23,3,3,1,1,0,1,0,0.0,0.0,0,0,0.8333333333333334,0.25,3,7,16.883116883116884,1,0.125,313.75,434.77835075554793,9.625,15.882942332667998,0.25,0.16642353500306215,8,0.06547619047619047,8,0.35956825912183055,8,0.7391304347826086,0.619192384874173,1,1.0,0.13043478260869565,0.3333333333333333,274.9130434782609,609.3333333333334,2,113.16666666666667,0,0,2020-01-27,2023-08-30,0,6.493506493506493,92.20779220779221
amazon-kinesis-data-analytics-flink-benchmarking-utility,14,1062,7,5,2,0.2857142857142857,3,1,1,0,1,0,0,0,0.0,0.0,0,0,1.0,0.14285714285714285,4,7,0.0,0,0.0,61.285714285714285,105.515740193449,2,1.5275252316519468,0.14285714285714285,0.06299407883487121,7,0.0,7,0.14285714285714285,7,1.3333333333333333,0.5773502691896257,1,0,0.3333333333333333,0,12.333333333333334,1486,,97.0,0,0,2020-10-01,2023-08-30,0,28.57142857142857,50.0
amazon-translate-pdf,37,1036,6,4,5,0.8333333333333334,10,,4,,1,1,,,0.0,,0,,,0.3333333333333333,3,5,48.64864864864865,1,0.16666666666666666,188,225.54378732299412,6.166666666666667,6.112828041640519,0.33333333333333337,0.2732520204255893,6,0.08333333333333333,6,0.4634920634920635,6,1.1,0.5676462121975467,,,0.4,,18.8,,,0,0,,2021-10-26,2024-08-28,,,
aws-amplify-example-recipe-app-react-native,57,875,6,6,3,0.5,23,,0,,0,0,,,0.0,,0,,,0.5333333333333333,2,2,61.40350877192983,4,0.6666666666666666,272.8333333333333,339.1025901798255,9.5,11.220516922138659,0.5333333333333334,0.3011090610836324,6,0.03333333333333333,6,0.568888888888889,6,0.8695652173913043,0.34435022157509093,,,0,,204.95652173913044,,,0,0,,2021-04-06,2023-08-30,,,
aws-athena-udfs-textanalytics,74,1103,8,6,4,0.5,22,1,5,2,1,0,2,0,0.0,0.0,0,0,0.75,0.32142857142857145,3,7,63.51351351351351,1,0.125,190.375,360.12574688770667,9.25,15.979898086569353,0.3214285714285714,0.21257823118366997,8,0.041666666666666664,8,0.4155328798185941,8,0.8181818181818182,0.5010810823432182,2,0,0.22727272727272727,2,64.95454545454545,2,3,84.75,0,0,2021-02-24,2024-03-04,0,5.405405405405405,83.78378378378379
aws-cognito-java-desktop-app,39,2368,15,7,8,0.5333333333333333,7,10,2,23,0,0,10,3,0.0,0.2,0,0,0.9047619047619048,0.3142857142857143,5,13,25.64102564102564,2,0.13333333333333333,211.2,595.4073275618009,2.6,2.02837021134844,0.3142857142857143,0.20346846662227783,15,0.04688644688644689,15,0.42520587182241315,15,1.7142857142857142,0.7559289460184544,2.4,0.699205898780101,0.2857142857142857,2.3,156.14285714285714,222,,117.76086956521739,0,0,2017-09-20,2024-03-15,0,30.76923076923077,25.64102564102564
clickstream-consumer-for-apache-kafka,46,1812,9,6,5,0.5555555555555556,26,,5,,2,0,,,0.0,,0,,,0.3055555555555556,3,7,30.434782608695656,2,0.2222222222222222,443.1111111111111,487.1859102140692,5.111111111111111,3.370624736026114,0.3055555555555556,0.19873733362853033,9,0.08333333333333333,9,0.459104938271605,9,1.0384615384615385,0.6621642835894567,,,0.19230769230769232,,80.23076923076923,,,0,0,,2020-06-30,2025-06-16,,,
clickstream-producer-for-apache-kafka,57,1823,11,7,6,0.5454545454545454,26,2,2,3,0,0,0,1,0.0,0.0,0,0,0.7777777777777778,0.2727272727272727,4,9,42.10526315789473,2,0.18181818181818182,379.8181818181818,557.6448364652573,5.181818181818182,5.056049481921272,0.27272727272727276,0.20538212722098823,11,0.07272727272727274,11,0.4705964549804263,11,1.0769230769230769,0.6275716324421889,1.5,0.7071067811865476,0.07692307692307693,1.5,79.53846153846153,865.5,,245.16666666666666,0,0,2020-06-30,2025-06-27,0,35.08771929824561,78.94736842105263
data-engineering-for-aws-immersion-day,119,2301,11,6,6,0.5454545454545454,31,13,6,24,0,0,9,4,0.0,0.07692307692307693,0,0,0.9545454545454546,0.2909090909090909,3,10,25.210084033613445,1,0.09090909090909091,409.1818181818182,780.6272885547645,10.818181818181818,15.66408747305876,0.29090909090909095,0.2165850662190053,11,0.09292929292929293,11,0.564125067164752,11,1.7096774193548387,0.7828813612588127,2.1538461538461537,0.6887372317211945,0.1935483870967742,1.8461538461538463,11.129032258064516,193.15384615384616,,190.70833333333334,0,0,2019-10-09,2026-01-26,0,12.605042016806722,82.35294117647058
integration-sample-lambda-msk,43,1734,10,6,4,0.4,20,2,4,3,2,0,1,0,0.0,0.0,0,0,1.0,0.2,3,10,0.0,0,0.0,194.6,339.1974842674004,4.3,2.9078437983419185,0.19999999999999998,0.12614360271056593,10,0.02222222222222222,10,0.24761904761904763,10,1.2,0.6958523739384593,2,0.0,0.2,1.5,132,1854,,111.08333333333334,0,0,2020-09-23,2025-06-23,0,25.581395348837212,46.51162790697674
reactive-refarch-cloudformation,130,2370,8,5,6,0.75,23,2,6,5,3,0,2,2,0.0,0.5,0,0,0.5,0.4642857142857143,3,4,83.84615384615385,4,0.5,549.25,860.6450653849289,16.25,34.80866066287034,0.46428571428571425,0.28315177399003283,8,0.08928571428571427,8,0.6745775058275059,8,1.3478260869565217,0.714059817469728,2,0.0,0.2608695652173913,2.5,34.869565217391305,21,10,92.88333333333333,0,0,2017-11-09,2024-05-07,0,13.076923076923078,90.0
java-demoapp,39,620,1,2,0,0.0,2,1,1,0,0,1,0,0,0.5,0.0,0,0,0.75,0,1,0,100.0,1,1.0,621,0,39,0,1,0,1,0.0,1,0.0,1,2,1.4142135623730951,1,0,0.5,0,43.5,0,1,22.0,0,0,2019-07-28,2021-04-09,0,0.0,100.0
upacademyJavaStarterExamples,23,46,2,1,0,0.0,,,,,,,,,,,,,,1.0,1,0,100.0,2,1.0,35,16.97056274847714,11.5,10.606601717798213,1.0,0.0,2,0.0,2,1.0,2,,,,,,,,,,,,,2019-11-17,2020-01-03,,,
CleanArch,8,339,2,2,1,0.5,1,3,1,4,1,0,0,0,0.0,0.0,0,0,0.6,1.0,1,0,100.0,2,1.0,170.5,239.7091988222396,4,4.242640687119285,1.0,0.0,2,0.0,2,1.0,2,2,0,2,0.0,1,1.3333333333333333,19,42.333333333333336,,48.125,0,0,2016-06-01,2017-05-07,0,87.5,87.5
java-learning,87,2160,3,2,1,0.3333333333333333,14,8,2,14,0,0,4,0,0.0,0.0,0,0,0.9473684210526315,0.6666666666666666,1,2,95.40229885057471,1,0.3333333333333333,725.3333333333334,1243.3407953306016,29,46.776062254106,0.6666666666666666,0.28867513459481287,3,0.3333333333333333,3,0.7777777777777778,3,1.5714285714285714,0.646206172658864,2,0.5345224838248488,0.14285714285714285,1.75,488,782.5,,97.35714285714286,0,0,2016-02-09,2022-01-08,0,3.4482758620689653,95.40229885057471
JavaSampleCodeIS2104,1,0,1,1,0,0.0,,,,,,,,,,,,,,,,,,,,1,0,1,0,,,,,,,,,,,,,,,,,,,,2019-08-09,2019-08-09,,,
java-tensorflow-samples,29,29,1,1,0,0.0,,,,,,,,,,,,,,0,1,0,100.0,1,1.0,30,0,29,0,1,0,1,0.0,1,0.0,1,,,,,,,,,,,,,2018-02-28,2018-03-30,,,
azurejava,2,0,2,1,2,1.0,,,,,,,,,,,,,,,,,,,,1,0.0,1,0.0,,,,,,,,,,,,,,,,,,,,2021-02-27,2021-02-27,,,
java-code-demo,42,420,3,1,0,0.0,1,1,0,1,0,0,0,0,0.0,0.0,0,0,-0.5,1.0,1,0,100.0,3,1.0,141,242.4871130596428,14,21.656407827707714,1.0,0.0,3,0.0,3,1.0,3,0,0,2,0,0,1,1952,24,,6.5,0,0,2019-05-09,2020-07-03,0,0.0,92.85714285714286
olami-nlu-samples-java,2,0,1,1,1,1.0,,,,,,,,,,,,,,,,,,,,1,0,2,0,,,,,,,,,,,,,,,,,,,,2017-05-01,2017-05-01,,,
htm.java-examples,58,388,5,5,0,0.0,,,,,,,,,,,,,,0.5,2,4,75.86206896551724,1,0.2,89.8,126.12573091958674,11.6,18.20164827701052,0.5,0.30618621784789724,5,0.16666666666666666,5,0.6952380952380952,5,,,,,,,,,,,,,2015-08-17,2016-09-09,,,
OpenPgp-BounceCastle-Example,6,1166,2,2,0,0.0,1,6,1,6,0,0,0,1,0.0,0.0,0,0,0.75,1.0,1,0,100.0,2,1.0,584,824.4865068635144,3,1.4142135623730951,1.0,0.0,2,0.0,2,1.0,2,1,0,1.6666666666666667,0.816496580927726,1,1,3026,3013.8333333333335,,100.33333333333334,0,0,2014-05-04,2017-07-13,0,0.0,33.33333333333333
pe-solutions-in-java,24,87,2,2,0,0.0,4,,4,,3,0,,,0.0,,0,,,1.0,1,0,100.0,2,1.0,48,56.568542494923804,12,2.8284271247461903,1.0,0.0,2,0.0,2,1.0,2,2,0.0,,,1,,0,,,0,0,,2014-08-02,2014-10-29,,,
gs-testing-web,3,0,2,1,2,1.0,,,,,,,,,,,,,,,,,,,,1,0.0,1.5,0.7071067811865476,,,,,,,,,,,,,,,,,,,,2020-01-05,2020-01-05,,,
Dr.Know,18,2,2,1,1,0.5,,,,,,,,,,,,,,1.0,1,0,100.0,2,1.0,2,1.4142135623730951,9,11.313708498984761,1.0,0.0,2,0.0,2,1.0,2,,,,,,,,,,,,,2018-12-01,2018-12-03,,,
corejava,17,1184,2,1,0,0.0,,3,,0,,,0,0,,0.0,,0,,1.0,1,0,100.0,2,1.0,644.5,764.3824304626579,8.5,4.949747468305833,1.0,0.0,2,0.0,2,1.0,2,,,1,0.0,,0,,1191.3333333333333,,,,0,2019-05-22,2022-08-18,,,
testcontainers.testcontainers-java-examples,32,940,6,8,1,0.16666666666666666,9,5,27,12,16,4,1,8,0.0,0.6,0,0,0.9090909090909091,0.4,3,5,25.0,1,0.16666666666666666,208.83333333333334,375.38802147466913,5.333333333333333,4.366539438350084,0.4,0.25298221281347033,6,0.06666666666666667,6,0.4888888888888889,6,2,0.0,1.4,0.5477225575051661,3,2.4,37.888888888888886,2593.8,,604.1851851851851,0,0,2015-12-30,2018-07-28,0,3.125,62.5
java-tutorial,151,2588,5,2,3,0.6,29,10,17,9,3,5,0,0,0.034482758620689655,0.0,0,0,0.9285714285714286,0.4,1,4,97.35099337748345,1,0.2,518.6,1157.3887851538911,30.2,65.29318494299386,0.4,0.33541019662496846,5,0.2,5,0.6571428571428571,5,0.41379310344827586,0.7327658649308672,1.6,0.5163977794943222,0.5862068965517241,0.9,676.9655172413793,154.2,,70.34967320261438,0,0,2017-11-29,2024-12-30,0,1.9867549668874174,97.35099337748345
javademos,117,1405,2,3,0,0.0,1,,0,,0,0,,,0.0,,0,,,1.0,1,0,100.0,2,1.0,703.5,993.4850275670992,58.5,81.31727983645297,1.0,0.0,2,0.0,2,1.0,2,2,0,,,0,,0,,,0,0,,2017-11-20,2021-09-25,,,
basyx-java-examples,281,860,16,3,9,0.5625,209,7,70,25,16,1,13,4,0.0,0.0,0,0,0.8333333333333334,0.35,3,13,92.17081850533808,3,0.1875,171.875,269.5801365086085,17.5625,39.28353132463187,0.35,0.23913424093003743,16,0.04642857142857143,16,0.6221393591815699,16,0.9952153110047847,0.6392423975624342,2.142857142857143,0.3779644730092272,0.3349282296650718,3.4285714285714284,27.84688995215311,17.428571428571427,2,828.9628571428572,0,0,2021-10-20,2024-02-27,0,4.6263345195729535,94.30604982206405
WeatherApp,1,0,1,1,1,1.0,,,,,,,,,,,,,,,,,,,,1,0,1,0,,,,,,,,,,,,,,,,,,,,2016-11-23,2016-11-23,,,
item-manager,4,90,1,2,0,0.0,,,,,,,,,,,,,,0,1,0,100.0,1,1.0,91,0,4,0,1,0,1,0.0,1,0.0,1,,,,,,,,,,,,,2019-03-08,2019-06-07,,,
elasticsearch,60912,4252,1842,26,810,0.43973941368078173,,,,,,,,,,,,,,,,,,,,191.74049945711184,486.85929468218626,33.068403908794785,208.40163217671886,,,,,,,,,,,,,,,,,,,,2010-02-08,2021-09-30,,,
on_the_road_java,43,248,1,2,0,0.0,,,,,,,,,,,,,,0,1,0,100.0,1,1.0,249,0,43,0,1,0,1,0.0,1,0.0,1,,,,,,,,,,,,,2013-11-14,2014-07-21,,,
cqrs-lottery,18,29,1,1,0,0.0,,,,,,,,,,,,,,0,1,0,100.0,1,1.0,30,0,18,0,1,0,1,0.0,1,0.0,1,,,,,,,,,,,,,2009-11-29,2009-12-28,,,
RxJavaDemoApplication,5,147,1,1,1,1.0,,,,,,,,,,,,,,0,1,0,100.0,1,1.0,148,0,5,0,1,0,1,0.0,1,0.0,1,,,,,,,,,,,,,2017-07-10,2017-12-04,,,
java-tuto-1,18,490,2,2,0,0.0,,,,,,,,,,,,,,1.0,1,0,100.0,2,1.0,251.5,338.70414818835627,9,4.242640687119285,1.0,0.0,2,0.0,2,1.0,2,,,,,,,,,,,,,2017-10-13,2019-02-15,,,
spark-cassandra-java-example,5,19,2,1,0,0.0,,1,,0,,,0,0,,0.0,,0,,1.0,1,0,100.0,2,1.0,10.5,13.435028842544403,2.5,0.7071067811865476,1.0,0.0,2,0.0,2,1.0,2,,,1,0,,0,,3546,,,,0,2015-01-13,2015-02-02,,,
solent2Public,733,1181,7,2,2,0.2857142857142857,29,12,554,0,22,532,0,0,0.5517241379310345,0.0,0,0,0.16666666666666666,0.7142857142857143,1,2,70.8049113233288,5,0.7142857142857143,499.57142857142856,471.9939466924186,104.71428571428571,123.00638775515452,0.7142857142857143,0.24933774718103188,7,0.05714285714285713,7,0.8034013605442176,7,1.0344827586206897,0.3254402096380548,1,0.0,19.103448275862068,0,477.7586206896552,1560,,86.77797833935018,0,0,2018-09-06,2021-12-01,0,0.5457025920873124,99.45429740791269
bazel-java,52,2755,2,2,1,0.5,1,1,0,3,0,0,0,0,0.0,0.0,0,0,0.3333333333333333,1.0,1,0,100.0,2,1.0,1378.5,1948.0791821689384,26,33.94112549695428,1.0,0.0,2,0.0,2,1.0,2,1,0,2,0,0,3,0,1145,,68.66666666666667,0,0,2017-06-18,2025-01-03,0,3.8461538461538463,96.15384615384616
java-hospital-patients-registry,13,91,2,1,0,0.0,,,,,,,,,,,,,,1.0,1,0,100.0,2,1.0,46.5,64.34671708797582,6.5,2.1213203435596424,1.0,0.0,2,0.0,2,1.0,2,,,,,,,,,,,,,2020-11-27,2021-02-27,,,
tutorial,208,1670,4,2,0,0.0,15,1,3,29,0,0,7,4,0.0,0.0,0,0,-0.5,0.6666666666666666,1,1,94.71153846153845,3,0.75,967.75,817.4942915193149,52,47.70045422565003,0.6666666666666666,0.2721655269759087,4,0.16666666666666666,4,0.775,4,0.8,0.4140393356054125,2,0,0.2,29,234,2,,242.98850574712645,0,0,2018-03-18,2022-10-14,0,0.0,94.23076923076923
jnao-example,38,38,3,3,1,0.3333333333333333,,1,,8,,,3,3,,0.0,,0,,1.0,1,0,100.0,3,1.0,14,21.656407827707714,12.666666666666666,16.862186493255653,1.0,0.0,3,0.0,3,1.0,3,,,2,0,,8,,1,,,,0,2014-09-28,2014-11-05,,,
java-samples,368,4248,29,12,14,0.4827586206896552,1641,103,1571,183,234,4,58,44,0.001218769043266301,0.10679611650485436,0,0,1.0,0.1477832512315271,7,29,0.0,0,0.0,237.44827586206895,376.0556176767034,12.689655172413794,23.267241607455414,0.14778325123152708,0.11443076649968327,29,0.02937420178799489,29,0.28421914115543356,29,3.271785496648385,1.3679216183540108,2.349514563106796,1.1264096864145752,0.9573430834856794,1.7766990291262137,64.37538086532602,468.84466019417476,,206.91159958677255,0,0,2014-04-22,2025-12-09,0,48.09782608695652,65.21739130434783
graphql-java-examples,54,1566,8,3,1,0.125,43,3,15,2,1,0,0,1,0.0,0.3333333333333333,0,0,0.5,0.6071428571428571,2,2,87.03703703703704,6,0.75,230.375,358.01952759990223,6.75,5.70087712549569,0.6071428571428571,0.25036416625276114,8,0.09523809523809523,8,0.6684027777777778,8,0.5116279069767442,0.9604585468176327,1.6666666666666667,0.5773502691896257,0.3488372093023256,0.6666666666666666,646.8837209302326,1566.6666666666667,,179.96666666666667,0,0,2018-09-12,2022-12-26,0,1.8518518518518516,24.074074074074073
grpc-java,7022,4052,463,17,204,0.4406047516198704,,,,,,,,,,,,,0,0.0659822538872215,3,460,37.396753061805754,3,0.0064794816414686825,205.34341252699784,523.1292921175857,15.166306695464362,97.81022568006571,0.0659822538872215,0.08005920121022532,463,0.0020260688635852014,463,0.5182917674683133,463,,,,,,,,,188,0.0,0,0,2015-01-08,2026-02-12,0,4.371973796639135,92.11050982626033
gst1-java-examples,49,2538,5,5,2,0.4,15,9,15,31,12,0,18,7,0.0,0.1111111111111111,0,0,0.9411764705882353,0.3,2,4,40.816326530612244,1,0.2,388.6,599.093314935161,9.8,12.235195135346228,0.3,0.27386127875258304,5,0.1,5,0.42,5,1.3333333333333333,0.6172133998483676,2.5555555555555554,1.0137937550497031,1,3.4444444444444446,100.4,358.44444444444446,,426.10645161290324,0,0,2015-09-20,2022-09-02,0,4.081632653061225,93.87755102040816
JavaProject1,1,0,1,1,0,0.0,,,,,,,,,,,,,,,,,,,,1,0,1,0,,,,,,,,,,,,,,,,,,,,2022-03-25,2022-03-25,,,
JavaTutorial,190,2066,9,1,7,0.7777777777777778,12,38,8,49,0,0,1,0,0.0,0.0,0,0,0.9777777777777777,0.3888888888888889,3,8,95.78947368421052,1,0.1111111111111111,230.55555555555554,688.6666666666666,21.11111111111111,60.333333333333336,0.3888888888888889,0.26104091846128474,9,0.05555555555555555,9,0.5352207977207977,9,1.6666666666666667,0.49236596391733095,1.763157894736842,0.4308514841827461,0.6666666666666666,1.2894736842105263,81,856.921052631579,1,32.272959183673464,0,0,2019-09-22,2025-05-20,0,3.684210526315789,95.78947368421052
msa-ddd-eventsourcing,70,60,6,1,0,0.0,18,6,3,6,2,0,3,0,0.0,0.0,0,0,-0.2,1.0,1,0,100.0,6,1.0,15.666666666666666,17.80636590286369,11.666666666666666,6.3456021516217564,1.0,0.0,6,0.0,6,1.0,6,1.1666666666666667,0.3834824944236852,1.5,0.8366600265340756,0.16666666666666666,1,303.1666666666667,2274.6666666666665,,77.16666666666667,0,0,2018-08-21,2018-10-21,0,0.0,0.0
JavaSamplesCode,2,1,1,1,0,0.0,,,,,,,,,,,,,,0,1,0,100.0,1,1.0,2,0,2,0,1,0,1,0.0,1,0.0,1,,,,,,,,,,,,,2016-08-13,2016-08-14,,,
SpringBoot-Java-Demo-application,3,0,1,1,0,0.0,,,,,,,,,,,,,,,,,,,,1,0,3,0,,,,,,,,,,,,,,,,,,,,2021-03-17,2021-03-17,,,
javaplays-alchemyapi,8,35,2,2,1,0.5,,,,,,,,,,,,,,1.0,1,0,100.0,2,1.0,16.5,21.920310216782973,4,2.8284271247461903,1.0,0.0,2,0.0,2,1.0,2,,,,,,,,,,,,,2015-09-18,2015-10-23,,,
stock-trading-with-java-isc1128,43,303,5,2,4,0.8,12,1,3,0,1,0,0,0,0.0,0.0,0,0,0.8333333333333334,0.6,2,4,46.51162790697674,1,0.2,110.6,122.63890084308485,8.6,7.503332592921628,0.6,0.22360679774997896,5,0.13333333333333333,5,0.7333333333333333,5,2.1666666666666665,0.3892494720807615,1,0,0.25,0,1.25,813,,111.83333333333333,0,0,2018-05-11,2019-03-11,0,81.3953488372093,46.51162790697674
JavaWithMosh,10,7,1,1,0,0.0,,,,,,,,,,,,,,0,1,0,100.0,1,1.0,8,0,10,0,1,0,1,0.0,1,0.0,1,,,,,,,,,,,,,2026-01-14,2026-01-21,,,
TA-Lib-Java-Examples,4,1302,3,2,1,0.3333333333333333,1,3,1,2,1,0,1,0,0.0,0.0,0,0,0.75,0.6666666666666666,1,2,50.0,1,0.3333333333333333,435,751.7100504848927,1.3333333333333333,0.5773502691896257,0.6666666666666666,0.28867513459481287,3,0.3333333333333333,3,0.7777777777777778,3,2,0,1.3333333333333333,0.5773502691896257,1,0.6666666666666666,22,498.3333333333333,,29.25,0,0,2014-08-07,2018-03-02,0,25.0,50.0
oracle-spatial-visualizer-demo,5,0,1,1,1,1.0,,,,,,,,,,,,,,,,,,,,1,0,5,0,,,,,,,,,,,,,,,,,,,,2018-08-29,2018-08-29,,,
javazuki-sample-codes,10,209,2,1,1,0.5,,,,,,,,,,,,,,1.0,1,0,100.0,2,1.0,105.5,147.78531726798843,5,5.656854249492381,1.0,0.0,2,0.0,2,1.0,2,,,,,,,,,,,,,2017-04-25,2017-11-21,,,
encog-java-examples,732,3333,9,4,3,0.3333333333333333,4,,1,,1,0,,,0.0,,0,,,0.2777777777777778,3,8,66.39344262295081,1,0.1111111111111111,512.6666666666666,1106.0950456448127,81.33333333333333,169.75497047214847,0.2777777777777778,0.24825781849610387,9,0.07142857142857142,9,0.4906436156436157,9,1.5,0.5773502691896257,,,0.25,,1153.5,,1,0,0,,2008-07-14,2017-08-29,,,
java-ort-example-yolov5,11,238,4,1,3,0.75,3,8,0,25,0,0,15,4,0.0,0.125,0,0,0.5714285714285714,0.5,2,1,45.45454545454545,3,0.75,28.25,51.867619956963516,2.75,2.362907813126304,0.5,0.3333333333333333,4,0.0,4,0.5,4,1,0.0,2,0.5345224838248488,0,3.25,0,377,,246.62,0,0,2022-11-12,2023-07-08,0,45.45454545454545,0.0
javafx-examples,100,78,4,3,3,0.75,9,5,8,10,4,1,2,3,0.1111111111111111,0.2,0,0,0.7142857142857143,1.0,1,0,100.0,4,1.0,20.75,38.836194458262774,25,47.33568069296845,1.0,0.0,4,0.0,4,1.0,4,1.8888888888888888,0.927960727138337,1.8,0.4472135954999579,0.8888888888888888,2,448.77777777777777,484.2,,338.7,0,0,2020-10-21,2021-01-07,0,4.0,0.0
Java-code-samples,14,94,3,3,3,1.0,,,,,,,,,,,,,,0.3333333333333333,2,3,0.0,0,0.0,1,0.0,4.666666666666667,5.507570547286102,0.3333333333333333,0.28867513459481287,3,0.0,3,0.3333333333333333,3,,,,,,,,,,,,,2012-09-10,2012-12-14,,,
gitstafette-explorer,5,177,1,2,0,0.0,,,,,,,,,,,,,,0,1,0,100.0,1,1.0,178,0,5,0,1,0,1,0.0,1,0.0,1,,,,,,,,,,,,,2022-12-30,2023-06-25,,,
JavaTutorialProject,1,0,1,1,0,0.0,,,,,,,,,,,,,,,,,,,,1,0,1,0,,,,,,,,,,,,,,,,,,,,2016-10-12,2016-10-12,,,
alfresco-api-java-examples,17,1325,2,4,1,0.5,2,5,0,0,0,0,0,0,0.0,0.0,0,0,0.5,1.0,1,0,100.0,2,1.0,663.5,936.9164850721754,8.5,10.606601717798213,1.0,0.0,2,0.0,2,1.0,2,1.5,0.7071067811865476,1,0.0,0,0,1537.5,2394.6,,0.0,0,0,2012-10-01,2016-05-19,0,5.88235294117647,94.11764705882352
play-demo-twitbookplus,7,0,1,1,0,0.0,,,,,,,,,,,,,,,,,,,,1,0,7,0,,,,,,,,,,,,,,,,,,,,2013-04-20,2013-04-20,,,
java-clean-architecture-example,132,284,1,1,0,0.0,4,,1,,0,0,,,0.0,,0,,,0,1,0,100.0,1,1.0,285,0,132,0,1,0,1,0.0,1,0.0,1,0.75,0.5,,,0.25,,125,,,0,0,,2020-07-25,2021-05-06,,,
HapiFhirClientDemo,8,1603,3,2,2,0.6666666666666666,2,,0,,0,0,,,0.0,,0,,,0.3333333333333333,2,3,0.0,0,0.0,34.333333333333336,57.735026918962575,2.6666666666666665,2.886751345948129,0.3333333333333333,0.28867513459481287,3,0.0,3,0.3333333333333333,3,0,0.0,,,0,,1903,,,0,0,,2016-01-04,2020-05-25,,,
HapiFhirServiceDemo,4,2,1,1,0,0.0,,,,,,,,,,,,,,0,1,0,100.0,1,1.0,3,0,4,0,1,0,1,0.0,1,0.0,1,,,,,,,,,,,,,2016-01-04,2016-01-06,,,
java-coding-practice,42,370,3,1,1,0.3333333333333333,21,,0,,0,0,,,0.0,,0,,,1.0,1,0,100.0,3,1.0,247.66666666666666,213.61959960016154,14,7.211102550927978,1.0,0.0,3,0.0,3,1.0,3,1.9523809523809523,0.21821789023599236,,,0,,1,,,0,0,,2022-10-01,2023-10-07,,,
JavaRepository,1664,187,20,3,0,0.0,1270,,21,,0,0,,,0.0,,0,,,0.9315789473684211,2,1,99.69951923076923,19,0.95,54.4,49.35307807816523,83.2,115.59302473947575,0.9315789473684211,0.12789866961567312,20,0.003801169590643275,20,0.9453246753246753,20,1.8913385826771654,0.4248067510484812,,,0.01653543307086614,,299.340157480315,,,0,0,,2015-04-30,2015-11-03,,,
JavaRepo,29,551,3,4,0,0.0,2,,0,,0,0,,,0.0,,0,,,0.6666666666666666,1,2,62.06896551724138,1,0.3333333333333333,186.66666666666666,316.4021702411874,9.666666666666666,7.371114795831994,0.6666666666666666,0.28867513459481287,3,0.3333333333333333,3,0.7777777777777778,3,1,0.0,,,0,,1367.5,,,0,0,,2016-05-20,2017-11-22,,,
JAVABasicTutorial,9,45,1,1,0,0.0,,,,,,,,,,,,,,0,1,0,100.0,1,1.0,46,0,9,0,1,0,1,0.0,1,0.0,1,,,,,,,,,,,,,2024-12-02,2025-01-17,,,
Java-Appium-Master,3,0,2,1,2,1.0,,,,,,,,,,,,,,,,,,,,1,0.0,1.5,0.7071067811865476,,,,,,,,,,,,,,,,,,,,2023-02-28,2023-02-28,,,
pit-example,8,1715,2,3,1,0.5,2,,0,,0,0,,,0.0,,0,,,1.0,1,0,100.0,2,1.0,858.5,1212.688129734929,4,0.0,1.0,0.0,2,0.0,2,1.0,2,1.5,0.7071067811865476,,,0,,1732,,,0,0,,2012-01-19,2016-09-30,,,
java-demo,143,2022,10,2,4,0.4,6,7,2,12,2,0,0,0,0.0,0.0,0,0,1.0,0.2222222222222222,3,10,0.0,0,0.0,394.4,564.9517580191152,14.3,14.92239182496485,0.2222222222222222,0.10475656017578482,10,0.03888888888888889,10,0.2970061728395062,10,0.8333333333333334,0.408248290463863,1.5714285714285714,0.7867957924694432,0.3333333333333333,1.7142857142857142,324.5,553.5714285714286,16,225.95833333333334,0,0,2020-07-21,2026-02-02,0,13.286713286713287,83.91608391608392
Core-Java---Madhura-Anturkar,2,0,1,1,0,0.0,,,,,,,,,,,,,,,,,,,,1,0,2,0,,,,,,,,,,,,,,,,,,,,2022-09-26,2022-09-26,,,
MyJavaTutorialProject,2,0,1,1,0,0.0,,,,,,,,,,,,,,,,,,,,1,0,2,0,,,,,,,,,,,,,,,,,,,,2022-12-25,2022-12-25,,,
hazelcast-test,2,0,1,1,0,0.0,,,,,,,,,,,,,,,,,,,,1,0,2,0,,,,,,,,,,,,,,,,,,,,2020-05-11,2020-05-11,,,
javaboy-code-samples,104,1465,1,1,0,0.0,43,7,14,6,0,0,3,0,0.0,0.0,0,0,0.9090909090909091,0,1,0,100.0,1,1.0,1466,0,104,0,1,0,1,0.0,1,0.0,1,0,0.0,1.7142857142857142,1.1126972805283737,0.32558139534883723,0.8571428571428571,1031.9767441860465,1249.5714285714287,,36.83333333333333,0,0,2019-05-10,2023-05-14,0,0.0,100.0
levelup-java-examples,592,955,2,4,0,0.0,37,1,22,2,2,0,1,1,0.0,0.0,0,0,0.6666666666666666,1.0,1,0,100.0,2,1.0,478.5,675.2869760331529,296,417.19300090006305,1.0,0.0,2,0.0,2,1.0,2,0.13513513513513514,0.4191368221424547,2,0,0.5945945945945946,2,822.6216216216217,180,,30.545454545454547,0,0,2013-09-12,2016-04-25,0,0.0,99.83108108108108
api,64,664,5,2,2,0.4,17,33,6,73,0,4,13,9,0.11764705882352941,0.030303030303030304,0,0,0.9782608695652174,0.4,2,4,57.8125,1,0.2,229.8,248.8768771903087,12.8,15.626899884494044,0.4,0.2850438562747845,5,0.06666666666666667,5,0.46499999999999997,5,2.411764705882353,1.1757350641945108,2.121212121212121,0.96038975673863,0.35294117647058826,2.212121212121212,34.529411764705884,163.4848484848485,,127.56621004566209,0,0,2023-01-09,2024-11-04,0,9.375,96.875
kafka-producer-consumer-java-example,4,16,2,2,0,0.0,,,,,,,,,,,,,,1.0,1,0,100.0,2,1.0,9,11.313708498984761,2,0.0,1.0,0.0,2,0.0,2,1.0,2,,,,,,,,,,,,,2017-09-25,2017-10-11,,,
tensorflow-java,20,739,1,2,0,0.0,,2,,5,,,5,0,,0.0,,0,,0,1,0,100.0,1,1.0,740,0,20,0,1,0,1,0.0,1,0.0,1,,,2,0.0,,2.5,,71.5,,,,0,2017-03-10,2019-03-19,,,
Nick_JavaSampleCode,1,0,1,1,1,1.0,,,,,,,,,,,,,,,,,,,,1,0,1,0,,,,,,,,,,,,,,,,,,,,2018-10-30,2018-10-30,,,
old_java_code,3,4,1,1,1,1.0,,,,,,,,,,,,,,0,1,0,100.0,1,1.0,5,0,3,0,1,0,1,0.0,1,0.0,1,,,,,,,,,,,,,2014-01-14,2014-01-19,,,
gs-rest-service-cors,128,1932,13,10,7,0.5384615384615384,,,,,,,,,,,,,,0.23076923076923078,3,12,39.0625,1,0.07692307692307693,222.30769230769232,403.7760073389256,9.846153846153847,17.487358071123616,0.23076923076923075,0.14090418235094584,13,0.06526806526806526,13,0.3724471647482561,13,,,,,,,,,,,,,2013-11-22,2019-03-08,,,
azure-cafe,282,2100,4,5,0,0.0,7,,3,,0,0,,,0.0,,0,,,0.5,2,2,97.16312056737588,2,0.5,945.5,889.1480941515499,70.5,125.7762563708535,0.5,0.19245008972987526,4,0.3333333333333333,4,0.625,4,0.8571428571428571,0.6900655593423543,,,0.42857142857142855,,108.14285714285714,,,0,0,,2019-06-04,2025-03-04,,,
sleuth-documentation-apps,6,21,1,1,1,1.0,,,,,,,,,,,,,,0,1,0,100.0,1,1.0,22,0,6,0,1,0,1,0.0,1,0.0,1,,,,,,,,,,,,,2016-02-26,2016-03-18,,,
the-legacy-app,17,283,3,2,1,0.3333333333333333,1,,2,,2,0,,,0.0,,0,,,1.0,1,0,100.0,3,1.0,95.33333333333333,163.39012618066408,5.666666666666667,8.082903768654761,1.0,0.0,3,0.0,3,1.0,3,2,0,,,2,,0,,,0,0,,2017-12-01,2018-09-10,,,
effective-java-examples,7,1718,2,2,0,0.0,3,1,0,4,0,0,3,0,0.0,0.0,0,0,1.0,0,2,2,0.0,0,0.0,294,411.5361466505707,3.5,2.1213203435596424,0.0,0.0,2,0.0,2,0.0,2,1,0.0,4,0,0,4,1746.6666666666667,867,,24.75,0,0,2011-02-25,2015-11-10,0,0.0,28.57142857142857
clean-architecture-example,125,44,3,2,0,0.0,4,10,4,16,0,1,10,2,0.0,0.1,0,0,0.8421052631578947,1.0,1,0,100.0,3,1.0,37,12.165525060596439,41.666666666666664,47.12041312778713,1.0,0.0,3,0.0,3,1.0,3,1.5,1.0,1.8,1.2292725943057183,1,1.6,285.5,945.1,,355.71875,0,0,2016-03-10,2016-04-23,0,0.0,0.0
RssDigesterWithCouchbase,9,0,2,1,2,1.0,,,,,,,,,,,,,,,,,,,,1,0.0,4.5,2.1213203435596424,,,,,,,,,,,,,,,,,,,,2012-04-07,2012-04-07,,,
appium-java-examples,23,1024,1,2,0,0.0,21,24,1,4,0,1,0,0,0.047619047619047616,0.0,0,0,0.5,0,1,0,100.0,1,1.0,1025,0,23,0,1,0,1,0.0,1,0.0,1,1,0.0,1,0.0,0.047619047619047616,0.16666666666666666,0,97.45833333333333,,36.0,0,0,2022-10-13,2025-08-03,0,0.0,100.0
SOLID,23,1,1,1,1,1.0,2,10,1,1,1,0,0,0,0.0,0.0,0,0,0.9166666666666666,0,1,0,100.0,1,1.0,2,0,23,0,1,0,1,0.0,1,0.0,1,1,0.0,1.1,0.31622776601683794,0.5,0.1,1378.5,2261.7,,99.0,0,0,2014-04-07,2014-04-08,0,100.0,0.0
sdacademy-examples,234,666,4,2,1,0.25,16,,6,,0,0,,,0.0,,0,,,1.0,1,0,100.0,4,1.0,173.25,329.223708137795,58.5,106.37825592353606,1.0,0.0,4,0.0,4,1.0,4,0.5,0.8944271909999159,,,0.375,,650.0625,,,0,0,,2018-04-27,2020-02-23,,,
JavaSampleCode,17,90,3,1,0,0.0,,,,,,,,,,,,,,1.0,1,0,100.0,3,1.0,31,51.96152422706632,5.666666666666667,7.234178138070235,1.0,0.0,3,0.0,3,1.0,3,,,,,,,,,,,,,2019-09-14,2019-12-14,,,
graphql-examples,5,1,1,1,0,0.0,,,,,,,,,,,,,,0,1,0,100.0,1,1.0,2,0,5,0,1,0,1,0.0,1,0.0,1,,,,,,,,,,,,,2019-03-25,2019-03-26,,,
deadbolt-2-java-examples,47,1217,5,3,2,0.4,3,5,0,8,0,0,1,1,0.0,0.0,0,0,1.0,0.4,2,5,0.0,0,0.0,205.4,398.21639845691936,9.4,9.964938534682489,0.4,0.13693063937629152,5,0.0,5,0.4,5,1.3333333333333333,0.5773502691896257,1.6,0.5477225575051661,0,1.6,0,323.8,,163.6875,0,0,2012-12-11,2016-04-12,0,12.76595744680851,36.17021276595745
core-java,132,1513,1,1,0,0.0,5,4,1,1,0,0,1,0,0.0,0.0,0,0,0.75,0,1,0,100.0,1,1.0,1514,0,132,0,1,0,1,0.0,1,0.0,1,0,0.0,1,0.0,0.2,0.25,1054.8,779.75,,263.0,0,0,2020-03-26,2024-05-17,0,0.0,100.0
cap-java-bookstore-app,5,13,1,1,0,0.0,,,,,,,,,,,,,,0,1,0,100.0,1,1.0,14,0,5,0,1,0,1,0.0,1,0.0,1,,,,,,,,,,,,,2023-03-01,2023-03-15,,,
Java_Tutorials-Projects,6,16,1,1,0,0.0,,,,,,,,,,,,,,0,1,0,100.0,1,1.0,17,0,6,0,1,0,1,0.0,1,0.0,1,,,,,,,,,,,,,2022-09-17,2022-10-03,,,
javaapp,33,1841,5,2,1,0.2,,,,,,,,,,,,,,0.2,3,5,0.0,0,0.0,84.6,156.54009071161292,6.6,5.9833101206606365,0.2,0.11180339887498948,5,0.0,5,0.2,5,,,,,,,,,,,,,2019-07-03,2024-07-18,,,
JavaExamplesInterviewQuestions,22,0,2,1,0,0.0,,,,,,,,,,,,,,,,,,,,1,0.0,11,5.656854249492381,,,,,,,,,,,,,,,,,,,,2020-05-02,2020-05-02,,,
Javacode,4,907,2,1,1,0.5,7,2,1,1,0,0,1,0,0.0,0.0,0,0,1.0,0,2,2,0.0,0,0.0,169,237.58787847867995,2,1.4142135623730951,0.0,0.0,2,0.0,2,0.0,2,1.2857142857142858,0.7559289460184544,1.5,0.7071067811865476,0.14285714285714285,0.5,213.42857142857142,849,,674.0,0,0,2023-01-08,2025-07-03,0,25.0,75.0
javaSnippets,50,47,2,1,1,0.5,,,,,,,,,,,,,,1.0,1,0,100.0,2,1.0,24.5,33.23401871576773,25,32.526911934581186,1.0,0.0,2,0.0,2,1.0,2,,,,,,,,,,,,,2018-06-02,2018-07-19,,,
SparkJavaExamples,1,0,1,1,0,0.0,,,,,,,,,,,,,,,,,,,,1,0,1,0,,,,,,,,,,,,,,,,,,,,2016-09-09,2016-09-09,,,
neow3j-examples-java,351,2616,9,6,3,0.3333333333333333,20,20,4,61,4,0,22,5,0.0,0.0,0,0,0.8181818181818182,0.3333333333333333,3,7,45.86894586894587,2,0.2222222222222222,651.1111111111111,894.8416681799698,39,51.91338940966964,0.3333333333333333,0.24206145913796356,9,0.11904761904761904,9,0.5721478765854411,9,1.85,0.6708203932499369,2.4,0.7539370349250519,0.2,3.05,2.95,145.5,,148.15573770491804,0,0,2018-12-14,2026-02-12,0,4.5584045584045585,94.58689458689459
unsafe-java-world,8,266,3,3,1,0.3333333333333333,2,,1,,1,0,,,0.0,,0,,,0.6666666666666666,1,2,75.0,1,0.3333333333333333,89.66666666666667,153.57517160444044,2.6666666666666665,2.886751345948129,0.6666666666666666,0.28867513459481287,3,0.3333333333333333,3,0.7777777777777778,3,2,0.0,,,0.5,,4,,,0,0,,2014-10-20,2015-07-13,,,
somecode,3,1,1,1,0,0.0,,,,,,,,,,,,,,0,1,0,100.0,1,1.0,2,0,3,0,1,0,1,0.0,1,0.0,1,,,,,,,,,,,,,2017-09-15,2017-09-17,,,
java-codebits-cellar,38,8,1,1,0,0.0,,5,,16,,,2,0,,0.0,,0,,0,1,0,100.0,1,1.0,9,0,38,0,1,0,1,0.0,1,0.0,1,,,1,0.0,,3.2,,736,,,,0,2016-01-23,2016-02-01,,,
auth0-full-stack-java-example,71,211,1,2,0,0.0,14,3,4,8,2,0,2,1,0.0,0.0,0,0,0.75,0,1,0,100.0,1,1.0,212,0,71,0,1,0,1,0.0,1,0.0,1,1.0714285714285714,0.2672612419124244,1.6666666666666667,0.5773502691896257,0.2857142857142857,2.6666666666666665,110.57142857142857,9,1,147.6875,0,0,2021-10-12,2022-05-11,0,0.0,100.0
opentelemetry-java-examples,928,1556,39,13,15,0.38461538461538464,,50,,151,,,48,25,,0.08,,0,0.9245283018867925,0.23481781376518218,4,35,84.59051724137932,4,0.10256410256410256,220.87179487179486,411.47917895058987,23.794871794871796,105.06042859811669,0.23481781376518218,0.18650965462368355,39,0.022030127293285188,39,0.5611791159749694,39,,,2.2,1.4285714285714286,,3.02,,145.54,,151.2185430463576,0,0,2021-11-12,2026-02-15,0,2.478448275862069,95.58189655172413
cloud-asset-erp-dataloading-using-java,7,1030,1,1,0,0.0,,,,,,,,,,,,,,0,1,0,100.0,1,1.0,1031,0,7,0,1,0,1,0.0,1,0.0,1,,,,,,,,,,,,,2019-10-30,2022-08-26,,,
java-design-patterns-1,27,272,1,1,0,0.0,,,,,,,,,,,,,,0,1,0,100.0,1,1.0,273,0,27,0,1,0,1,0.0,1,0.0,1,,,,,,,,,,,,,2017-07-09,2018-04-08,,,
opencv-test,8,5,2,1,2,1.0,,1,,0,,,0,0,,0.0,,0,,1.0,1,0,100.0,2,1.0,3.5,3.5355339059327378,4,4.242640687119285,1.0,0.0,2,0.0,2,1.0,2,,,1,0,,0,,3518,,,,0,2014-08-01,2014-08-07,,,
java-tutorial-project,4,10,1,2,0,0.0,,,,,,,,,,,,,,0,1,0,100.0,1,1.0,11,0,4,0,1,0,1,0.0,1,0.0,1,,,,,,,,,,,,,2022-05-23,2022-06-02,,,
janusgraph-java-example,6,509,1,1,1,1.0,,2,,3,,,2,1,,0.0,,0,,0,1,0,100.0,1,1.0,510,0,6,0,1,0,1,0.0,1,0.0,1,,,2,0.0,,1.5,,0,,,,0,2017-03-19,2018-08-10,,,
java-lessons-landfill,47,44,2,1,0,0.0,,,,,,,,,,,,,,1.0,1,0,100.0,2,1.0,23,31.11269837220809,23.5,31.81980515339464,1.0,0.0,2,0.0,2,1.0,2,,,,,,,,,,,,,2024-10-14,2024-11-27,,,
javafx-demodesktop-application,1,0,1,1,0,0.0,,,,,,,,,,,,,,,,,,,,1,0,1,0,,,,,,,,,,,,,,,,,,,,2025-11-20,2025-11-20,,,
Java-Demo-Application,155,65,2,1,0,0.0,1,,0,,0,0,,,0.0,,0,,,1.0,1,0,100.0,2,1.0,38.5,38.890872965260115,77.5,106.77312395916867,1.0,0.0,2,0.0,2,1.0,2,0,0,,,0,,1951,,,0,0,,2019-03-25,2019-05-30,,,
redisson-examples,24,2871,7,5,4,0.5714285714285714,7,22,6,33,4,0,18,4,0.0,0.045454545454545456,0,0,1.0,0.14285714285714285,4,7,0.0,0,0.0,499,849.2734149455836,3.4285714285714284,5.1269595556932455,0.14285714285714285,0.11501092655705904,7,0.009523809523809523,7,0.15873015873015872,7,1.4285714285714286,0.5345224838248488,1.6363636363636365,0.5810872031479765,0.8571428571428571,1.5,320.2857142857143,601.5909090909091,,119.21969696969697,0,0,2016-11-15,2024-09-25,0,20.833333333333336,70.83333333333334
JavaSamples,18,238,2,1,0,0.0,,,,,,,,,,,,,,1.0,1,0,100.0,2,1.0,219,28.284271247461902,9,9.899494936611665,1.0,0.0,2,0.0,2,1.0,2,,,,,,,,,,,,,2014-02-04,2014-10-01,,,
gemini-function-calling,14,10,1,1,0,0.0,,,,,,,,,,,,,,0,1,0,100.0,1,1.0,11,0,14,0,1,0,1,0.0,1,0.0,1,,,,,,,,,,,,,2024-05-17,2024-05-28,,,
spring-javafx-examples,41,360,2,2,1,0.5,,12,,20,,,12,2,,0.08333333333333333,,0,,1.0,1,0,100.0,2,1.0,302.5,68.58935777509511,20.5,13.435028842544403,1.0,0.0,2,0.0,2,1.0,2,,,2,1.1281521496355325,,1.6666666666666667,,1041,,,,0,2017-03-16,2018-03-12,,,
akka-java-examples,12,33,1,2,0,0.0,3,2,0,3,0,0,1,0,0.0,0.0,0,0,0.8333333333333334,0,1,0,100.0,1,1.0,34,0,12,0,1,0,1,0.0,1,0.0,1,1.3333333333333333,0.5773502691896257,2,0.0,0,1.5,90.33333333333333,1816.5,,28.166666666666668,0,0,2014-03-01,2014-04-03,0,0.0,0.0
MasteringJava,85,132,1,1,0,0.0,,,,,,,,,,,,,,0,1,0,100.0,1,1.0,133,0,85,0,1,0,1,0.0,1,0.0,1,,,,,,,,,,,,,2016-12-05,2017-04-16,,,
sendOTPSample-JAVA,1,0,1,1,1,1.0,,,,,,,,,,,,,,,,,,,,1,0,1,0,,,,,,,,,,,,,,,,,,,,2016-06-09,2016-06-09,,,
Java_Programming_Language,56,599,1,2,0,0.0,,,,,,,,,,,,,,0,1,0,100.0,1,1.0,600,0,56,0,1,0,1,0.0,1,0.0,1,,,,,,,,,,,,,2023-06-15,2025-02-04,,,
Defeat-JAVA,283,438,76,8,22,0.2894736842105263,124,44,54,109,26,3,43,2,0.0,0.022727272727272728,0,0,0.20833333333333334,1.0,1,0,100.0,76,1.0,7.605263157894737,50.213166652414564,3.723684210526316,13.773983867383734,1.0,0.0,76,0.0,76,1.0,76,1.9919354838709677,0.08980265101338746,2.6818181818181817,1.4268639750805485,0.43548387096774194,2.477272727272727,31.766129032258064,115.04545454545455,,73.63039415562352,0,0,2022-09-30,2023-12-13,0,13.074204946996467,42.75618374558304
Core-Java-Tutorial-Projects,4,0,1,1,1,1.0,,,,,,,,,,,,,,,,,,,,1,0,4,0,,,,,,,,,,,,,,,,,,,,2019-11-26,2019-11-26,,,
grpc-by-example-java,130,1577,12,11,3,0.25,112,18,89,17,8,3,10,3,0.017857142857142856,0.0,0,0,0.9629629629629629,0.30303030303030304,2,11,20.76923076923077,1,0.08333333333333333,213.25,370.87271156263057,10.833333333333334,15.648603384289215,0.30303030303030304,0.22042010750300295,12,0.0803030303030303,12,0.5739383180172654,12,1.2410714285714286,0.4501358296361945,1.4444444444444444,0.6156987634551992,0.7946428571428571,0.9444444444444444,273.50892857142856,1740.2777777777778,,243.4375413086583,0,0,2016-05-16,2020-09-10,0,2.307692307692308,79.23076923076923
VeraDemoCircleCI,117,1155,4,3,1,0.25,,,,,,,,,,,,,,0.6666666666666666,1,1,93.16239316239316,3,0.75,286,570.0,29.25,44.02556075736003,0.6666666666666666,0.2721655269759087,4,0.16666666666666666,4,0.775,4,,,,,,,,,,,,,2019-05-15,2022-07-13,,,
GraphSearch,72,1173,2,2,1,0.5,2,,0,,0,0,,,0.0,,0,,,0,2,2,0.0,0,0.0,29.5,24.748737341529164,36,46.66904755831214,0.0,0.0,2,0.0,2,0.0,2,1,0.0,,,0,,0,,,0,0,,2015-12-31,2019-03-18,,,
day12-face-detection,2,0,1,1,0,0.0,,,,,,,,,,,,,,,,,,,,1,0,2,0,,,,,,,,,,,,,,,,,,,,2013-11-09,2013-11-09,,,
core-java-ref,3,0,1,1,0,0.0,,,,,,,,,,,,,,,,,,,,1,0,3,0,,,,,,,,,,,,,,,,,,,,2023-02-13,2023-02-14,,,
potential-octo-chainsaw,22,39,1,1,0,0.0,,,,,,,,,,,,,,0,1,0,100.0,1,1.0,40,0,22,0,1,0,1,0.0,1,0.0,1,,,,,,,,,,,,,2025-03-17,2025-04-25,,,
ctrader-open-api-v2-java-example,31,2057,10,4,6,0.6,13,8,7,19,1,1,7,2,0.0,0.0,0,0,1.0,0.2222222222222222,4,10,0.0,0,0.0,396.6,805.9816926511971,3.1,3.2472210341220142,0.2222222222222222,0.11712139482105108,10,0.058333333333333334,10,0.26320346320346316,10,1.3846153846153846,0.7679476477883045,2,0.5345224838248488,0.5384615384615384,2.375,92.07692307692308,63.25,,751.9398496240601,0,0,2018-12-12,2024-07-31,0,45.16129032258064,48.38709677419355
feign-eureka,22,3700,7,5,4,0.5714285714285714,9,12,14,22,10,0,6,8,0.0,0.08333333333333333,0,0,1.0,0,7,7,0.0,0,0.0,263.42857142857144,491.34809695464617,3.142857142857143,2.7945525240230875,0.0,0.0,7,0.0,7,0.0,7,2,0.7071067811865476,2,1.2060453783110545,1.5555555555555556,1.8333333333333333,836.4444444444445,1734.8333333333333,,389.8571428571429,0,0,2015-01-07,2025-02-24,0,36.36363636363637,54.54545454545454
sleuth-issues,245,2407,12,8,3,0.25,182,1,50,0,14,0,0,0,0.0,0.0,0,0,0.3333333333333333,0.3787878787878788,2,8,66.53061224489795,4,0.3333333333333333,425.1666666666667,435.8051760995405,20.416666666666668,21.794320917211994,0.3787878787878788,0.20079980324123328,12,0.08181818181818182,12,0.5723589816043376,12,0.8681318681318682,0.570136965395424,1,0,0.27472527472527475,0,46.010989010989015,2856,,51.21,0,0,2018-04-20,2024-11-21,0,2.857142857142857,95.51020408163265
gs-accessing-data-jpa,272,4596,43,10,15,0.3488372093023256,57,27,55,42,40,1,11,5,0.017543859649122806,0.0,0,0,1.0,0.08748615725359911,5,43,0.0,0,0.0,187.93023255813952,414.18505154263255,6.325581395348837,17.57259897604731,0.08748615725359911,0.0682831498221321,43,0.018745104394565542,43,0.21715950396120207,43,1.6666666666666667,0.8728715609439694,2.1481481481481484,1.0267088458424103,0.9649122807017544,1.5555555555555556,73.75438596491227,731.5555555555555,,302.2309523809524,0,0,2013-07-10,2026-02-09,0,16.544117647058822,77.94117647058823
gs-accessing-data-mongodb,251,4598,29,10,13,0.4482758620689655,33,23,27,50,12,0,12,18,0.0,0.08695652173913043,0,0,1.0,0.09359605911330049,9,29,0.0,0,0.0,206.24137931034483,418.1178623283506,8.655172413793103,21.739161276482726,0.09359605911330049,0.0855939807848482,29,0.029009304871373837,29,0.21765670140833693,29,1.4848484848484849,0.8337120351630757,2.869565217391304,4.424152182016829,0.8181818181818182,2.1739130434782608,65.84848484848484,722.2173913043479,,195.1511111111111,0,0,2013-07-11,2026-02-12,0,19.52191235059761,84.06374501992032
gs-accessing-data-mysql,188,4489,32,12,18,0.5625,45,32,43,153,20,3,46,38,0.0,0.0625,0,0,1.0,0.06653225806451613,13,32,0.0,0,0.0,174.65625,389.25069535023977,5.875,12.633161686353436,0.06653225806451613,0.06500207209510617,32,0.01754032258064516,32,0.151506043031518,32,1.711111111111111,0.9200351332773365,4.28125,7.158276847073941,0.9555555555555556,4.78125,57.06666666666667,247.4375,,248.25862593099257,0,0,2013-10-29,2026-02-12,0,28.191489361702125,81.91489361702128
gs-accessing-data-neo4j,256,4668,32,10,18,0.5625,30,19,27,23,18,3,11,3,0.03333333333333333,0.0,0,0,1.0,0.1028225806451613,8,32,0.0,0,0.0,243.28125,493.7843485398289,8,21.31938388022173,0.10282258064516128,0.09140039987464023,32,0.024798387096774194,32,0.2516707502322703,32,1.9666666666666666,0.5560534167675355,1.8421052631578947,0.8342100651206134,0.9,1.2105263157894737,64.13333333333334,509.94736842105266,,123.75040257648953,0,0,2013-05-02,2026-02-11,0,18.359375,80.46875
gs-accessing-data-r2dbc,138,4488,18,8,10,0.5555555555555556,11,2,20,5,10,0,2,1,0.0,0.0,0,0,1.0,0.0718954248366013,7,18,0.0,0,0.0,290.8888888888889,459.57267733366615,7.666666666666667,14.708940858419092,0.0718954248366013,0.06236911573054567,18,0.008986928104575163,18,0.1084513435003631,18,1.0909090909090908,1.300349603340998,3,1.4142135623730951,1.8181818181818181,2.5,300.45454545454544,171.5,,352.7,0,0,2013-10-29,2026-02-11,0,22.463768115942027,89.85507246376811
gs-accessing-data-rest,167,4353,23,10,11,0.4782608695652174,33,17,34,48,19,0,9,11,0.0,0.058823529411764705,0,0,1.0,0.1067193675889328,7,23,0.0,0,0.0,358.4782608695652,548.2877371305572,7.260869565217392,13.824278351391762,0.10671936758893281,0.09845605225010697,23,0.01919819311123659,23,0.22073630740873826,23,1.696969696969697,0.9837698055454996,2.0588235294117645,1.0880365478290537,1.0303030303030303,2.823529411764706,114.78787878787878,201.7058823529412,,236.28125,0,0,2014-02-24,2026-01-26,0,22.15568862275449,85.62874251497006
gs-accessing-mongodb-data-rest,150,4365,21,11,15,0.7142857142857143,26,8,30,17,16,1,6,2,0.0,0.0,0,0,1.0,0.09047619047619047,10,21,0.0,0,0.0,193,434.43791271020535,7.142857142857143,13.690455486526787,0.09047619047619049,0.11137666678780571,21,0.014536340852130326,21,0.18802428553595266,21,1.8076923076923077,0.800960961307392,2.375,0.5175491695067657,1.1538461538461537,2.125,56.26923076923077,244.25,,131.34509803921569,0,0,2014-02-27,2026-02-10,0,32.0,78.0
gs-accessing-neo4j-data-rest,172,4367,20,8,11,0.55,30,10,20,25,7,0,5,7,0.0,0.1,0,0,0.96,0.10526315789473684,8,19,40.69767441860465,1,0.05,273.75,547.5157171500338,8.6,16.77843227103427,0.10526315789473684,0.11830557619979291,20,0.029532163742690055,20,0.24103839459760512,20,1.3333333333333333,0.922266074754828,2.4,1.577621275493231,0.6666666666666666,2.5,92.96666666666667,580.7,,108.94999999999999,0,0,2014-02-27,2026-02-11,0,23.25581395348837,87.20930232558139
gs-accessing-vault,147,4483,18,8,9,0.5,9,5,4,4,4,0,4,0,0.0,0.0,0,0,1.0,0.13071895424836602,7,18,0.0,0,0.0,243.16666666666666,443.54020309855326,8.166666666666666,16.194588783984386,0.13071895424836602,0.11687559437963922,18,0.014705882352941176,18,0.19662389465590158,18,1.7777777777777777,0.6666666666666666,1.6,0.5477225575051661,0.4444444444444444,0.8,434.44444444444446,549.4,,167.625,0,0,2013-10-29,2026-02-06,0,14.285714285714285,87.07482993197279
gs-actuator-service,244,4656,32,10,18,0.5625,27,11,26,9,18,2,1,3,0.037037037037037035,0.09090909090909091,0,0,1.0,0.08669354838709678,7,32,0.0,0,0.0,182.15625,373.9345388092896,7.625,22.034796528775033,0.08669354838709677,0.09535465988135514,32,0.024462365591397847,32,0.25254188329455357,32,2.1481481481481484,0.5337605126836238,1.9090909090909092,0.9438798074485389,0.9629629629629629,0.8181818181818182,50.03703703703704,607.4545454545455,,129.55128205128204,0,0,2013-05-09,2026-02-06,0,13.934426229508196,84.42622950819673
gs-async-method,207,4565,24,9,12,0.5,21,10,26,21,17,2,5,7,0.047619047619047616,0.2,0,0,1.0,0.09782608695652174,10,24,0.0,0,0.0,233.41666666666666,459.8833421703781,8.625,21.347665588699776,0.09782608695652173,0.09951802977856235,24,0.02898550724637681,24,0.2262276201965853,24,1.9047619047619047,0.6248809410409238,2,0.4714045207910317,1.2380952380952381,2.1,100.0952380952381,263.7,,161.51190476190476,0,0,2013-07-17,2026-01-15,0,15.458937198067632,87.92270531400966
gs-authenticating-ldap,251,4649,31,9,16,0.5161290322580645,34,27,42,59,22,7,24,8,0.058823529411764705,0.0,0,0,1.0,0.09032258064516129,9,31,0.0,0,0.0,277.5806451612903,630.4605604473367,8.096774193548388,22.39100241720571,0.09032258064516129,0.08993559357471767,31,0.01668520578420467,31,0.20185341568501383,31,1.7352941176470589,1.0533877104130263,2.6296296296296298,2.775554665954844,1.2352941176470589,2.185185185185185,91.23529411764706,433.14814814814815,,360.03329297820824,0,0,2013-04-24,2026-01-15,0,18.725099601593627,85.65737051792829
gs-batch-processing,284,4627,36,9,16,0.4444444444444444,63,20,47,49,29,4,18,9,0.015873015873015872,0.1,0,0,1.0,0.09047619047619047,10,36,0.0,0,0.0,203.05555555555554,422.9958422250537,7.888888888888889,19.226139613672956,0.09047619047619047,0.07015185527720431,36,0.06013071895424837,36,0.17998793690224643,36,1.746031746031746,0.9152516658707376,2.45,1.190974832912761,0.746031746031746,2.45,58.44444444444444,219.5,,252.93855840208425,0,0,2013-05-16,2026-01-15,0,14.788732394366196,76.76056338028168
gs-caching,153,4461,21,8,13,0.6190476190476191,36,3,34,3,18,1,1,0,0.0,0.0,0,0,1.0,0.08571428571428572,9,21,0.0,0,0.0,237.61904761904762,419.5033344552194,7.285714285714286,14.117871146680923,0.08571428571428572,0.08823669466675577,21,0.010025062656641603,21,0.14234256971099077,21,1.3611111111111112,1.0184800377531154,2.6666666666666665,0.5773502691896257,0.9444444444444444,1,136.11111111111111,883.3333333333334,,109.87745098039215,0,0,2013-10-29,2026-01-15,0,28.104575163398692,84.9673202614379
gs-centralized-configuration,254,4675,26,9,10,0.38461538461538464,23,12,20,53,10,1,14,10,0.0,0.0,0,0,1.0,0.08923076923076922,10,26,0.0,0,0.0,351.88461538461536,663.7503342024365,9.76923076923077,21.639422713755916,0.08923076923076922,0.08564685992717197,26,0.018717948717948723,26,0.1831666430305517,26,1.7391304347826086,1.09616651457157,4.25,5.207075605715397,0.8695652173913043,4.416666666666667,122.43478260869566,171.33333333333334,,172.77877358490565,0,0,2013-04-19,2026-02-06,0,10.236220472440944,82.67716535433071
gs-cloud-circuit-breaker,171,4416,22,10,10,0.45454545454545453,31,5,15,7,12,1,3,1,0.0,0.0,0,0,1.0,0.09090909090909091,6,22,0.0,0,0.0,228.0909090909091,400.0076081527532,7.7727272727272725,13.962302369089686,0.0909090909090909,0.0733440680500327,22,0.0196969696969697,22,0.16959955116467723,22,0.967741935483871,0.4819315973414993,2.2,0.4472135954999579,0.4838709677419355,1.4,1.8709677419354838,371,,162.64761904761906,0,0,2013-10-29,2025-12-01,0,15.789473684210526,84.21052631578947
gs-consuming-rest,262,4628,35,11,16,0.45714285714285713,36,28,37,68,19,3,14,15,0.0,0.03571428571428571,0,0,1.0,0.10084033613445378,8,35,0.0,0,0.0,198.11428571428573,428.14646830182744,7.485714285714286,17.6374791925861,0.10084033613445377,0.08773958629571886,35,0.016603004838298956,35,0.20816815308436667,35,2.0277777777777777,0.44632538490024204,2.607142857142857,2.249926512615315,1.0277777777777777,2.4285714285714284,47.833333333333336,214.35714285714286,,224.24105723370428,0,0,2013-04-17,2025-12-19,0,16.030534351145036,73.2824427480916
gs-consuming-web-service,156,4376,19,11,10,0.5263157894736842,18,50,11,200,10,0,60,46,0.0,0.1,0,0,1.0,0.10526315789473684,7,19,0.0,0,0.0,403.89473684210526,615.0439816917199,8.210526315789474,15.454517309290443,0.10526315789473684,0.11094854904730117,19,0.05916752665978672,19,0.2443940860086479,19,2.111111111111111,0.5829830881301374,2.66,1.648870980460291,0.6111111111111112,4,77.22222222222223,179.32,,281.1981818181818,0,0,2014-02-18,2026-02-11,0,15.384615384615385,87.17948717948718
gs-contract-rest,153,4484,20,11,7,0.35,13,13,16,24,8,1,8,2,0.0,0.07692307692307693,0,0,1.0,0.09473684210526316,11,20,0.0,0,0.0,205.9,413.00731483263485,7.65,15.974568604668583,0.09473684210526315,0.11403863905259255,20,0.013450292397660818,20,0.16914067622068274,20,2.3076923076923075,1.3155870289605438,2.3076923076923075,0.7510676161988108,1.2307692307692308,1.8461538461538463,236.07692307692307,100.84615384615384,,156.22916666666669,0,0,2013-10-29,2026-02-07,0,6.535947712418301,77.77777777777779
gs-crud-with-vaadin,249,3859,31,10,15,0.4838709677419355,127,22,101,58,51,8,22,16,0.015748031496062992,0.045454545454545456,0,0,1.0,0.13333333333333333,7,31,0.0,0,0.0,445.4193548387097,698.0419650323586,8.03225806451613,14.107879290117141,0.13333333333333333,0.10540925533894598,31,0.03811642565813867,31,0.31963819263727955,31,1.795275590551181,0.7164571418762478,2.6818181818181817,0.8387271329003274,0.7952755905511811,2.6818181818181817,32.32283464566929,258.54545454545456,,148.97336975076817,0,0,2015-07-14,2026-02-06,0,18.473895582329316,86.74698795180723
gs-gateway,153,4461,20,9,9,0.45,18,9,16,12,7,1,9,0,0.0,0.0,0,0,1.0,0.13157894736842105,8,20,0.0,0,0.0,264.2,489.7446810651229,7.65,15.798983977991815,0.13157894736842105,0.11262355318701453,20,0.02017543859649123,20,0.19609022057844241,20,1.5,0.7859052479933758,2,0.7071067811865476,0.8888888888888888,1.3333333333333333,159.94444444444446,413.1111111111111,,225.0,0,0,2013-10-29,2026-01-15,0,14.37908496732026,84.9673202614379
gs-handling-form-submission,197,4564,24,8,11,0.4583333333333333,27,11,21,17,10,0,11,0,0.0,0.0,0,0,1.0,0.11594202898550725,7,24,0.0,0,0.0,231.875,410.2043300494332,8.208333333333334,18.227974598704446,0.11594202898550725,0.08374668040749161,24,0.028326745718050064,24,0.21211002946686114,24,1.4444444444444444,0.9740215340114143,1.9090909090909092,1.1361818036340359,0.7777777777777778,1.5454545454545454,175.74074074074073,988.0909090909091,,214.4187675070028,0,0,2013-07-17,2026-01-15,0,13.705583756345177,83.24873096446701
gs-integration,217,4608,24,8,10,0.4166666666666667,29,6,30,13,17,0,7,1,0.0,0.0,0,0,1.0,0.11231884057971014,7,24,0.0,0,0.0,247.08333333333334,433.5005056580639,9.041666666666666,21.716511783847125,0.11231884057971014,0.09924235603630886,24,0.03260869565217391,24,0.22193207989825728,24,1.7586206896551724,0.9876079475824802,2.1666666666666665,0.752772652709081,1.0344827586206897,2.1666666666666665,201.0344827586207,50.5,,128.82820512820513,0,0,2013-06-25,2026-02-06,0,12.903225806451612,84.33179723502305
gs-managing-transactions,209,4556,21,7,11,0.5238095238095238,26,4,15,11,5,0,2,5,0.0,0.25,0,0,1.0,0.14761904761904762,5,21,0.0,0,0.0,274.23809523809524,470.4804889431553,9.952380952380953,22.11668191767515,0.14761904761904762,0.09934308037829118,21,0.034837092731829576,21,0.2425184619302266,21,1.1923076923076923,0.8952868040680939,1.5,0.5773502691896257,0.5769230769230769,2.75,101.3076923076923,383.75,,448.6212121212121,0,0,2013-07-11,2025-12-31,0,19.138755980861244,84.688995215311
gs-messaging-jms,248,4654,35,10,15,0.42857142857142855,34,20,31,26,16,3,11,5,0.058823529411764705,0.15,0,0,1.0,0.0957983193277311,7,35,0.0,0,0.0,140.9142857142857,365.3682567290296,7.085714285714285,19.35332685881685,0.09579831932773109,0.07145618959537933,35,0.015380697733638909,35,0.19153686355822497,35,1.6764705882352942,0.9445405564321195,1.75,0.6386663736585051,0.9117647058823529,1.3,146.61764705882354,532.1,,123.07133995037222,0,0,2013-04-19,2026-01-15,0,20.967741935483872,73.38709677419355
gs-messaging-rabbitmq,236,4642,27,9,16,0.5925925925925926,29,20,38,40,22,2,11,8,0.0,0.05,0,0,1.0,0.11396011396011396,7,27,0.0,0,0.0,264.3703703703704,564.6645803652716,8.74074074074074,21.81494299538135,0.11396011396011396,0.1047796534241032,27,0.026438746438746438,27,0.2636874251702558,27,2.1379310344827585,0.8334154310955476,1.8,0.8335087534664907,1.3103448275862069,2,229.55172413793105,329.35,,224.98881578947368,0,0,2013-05-01,2026-01-15,0,16.52542372881356,82.62711864406779
gs-messaging-redis,234,4642,25,9,10,0.4,27,12,24,28,10,2,10,3,0.0,0.0,0,0,1.0,0.08666666666666667,9,25,0.0,0,0.0,233.2,466.53599360963926,9.36,22.4793979753314,0.08666666666666667,0.08498365855987974,25,0.019855072463768116,25,0.16851996076598008,25,1.8148148148148149,1.5200464830199472,2.75,1.9128750375000738,0.8888888888888888,2.3333333333333335,109.07407407407408,449.9166666666667,,177.08630952380952,0,0,2013-05-01,2026-01-15,0,13.675213675213676,79.05982905982906
gs-messaging-stomp-websocket,188,4539,32,10,16,0.5,47,47,72,123,31,3,48,20,0.0,0.0425531914893617,0,0,1.0,0.07862903225806452,9,32,0.0,0,0.0,200.09375,446.48226200181574,5.875,13.02045537085843,0.07862903225806452,0.07233453475528756,32,0.02291666666666667,32,0.20173451768128298,32,1.7872340425531914,1.041240276592545,2.617021276595745,1.294691359718126,1.5319148936170213,2.617021276595745,120.87234042553192,421.93617021276594,,194.32452574525743,0,0,2013-08-12,2026-01-15,0,27.659574468085108,78.19148936170212
gs-multi-module,97,3298,18,10,7,0.3888888888888889,28,35,20,67,16,0,13,15,0.0,0.08571428571428572,0,0,1.0,0.08496732026143791,9,18,0.0,0,0.0,261.3888888888889,418.7801808458479,5.388888888888889,7.747021354642121,0.08496732026143791,0.0951120098181698,18,0.020016339869281044,18,0.1532125755828178,18,2.0357142857142856,0.6372477195601849,2.0285714285714285,0.8219673059804997,0.7142857142857143,1.9142857142857144,57.714285714285715,146.54285714285714,,166.47761194029852,0,0,2017-01-25,2026-02-06,0,36.08247422680412,80.41237113402062
gs-producing-web-service,175,4420,26,10,13,0.5,27,24,46,56,31,5,18,12,0.037037037037037035,0.08333333333333333,0,0,1.0,0.09538461538461539,11,26,0.0,0,0.0,230.96153846153845,526.011671411898,6.730769230769231,13.855129569391092,0.09538461538461539,0.09334798419808622,26,0.011410256410256411,26,0.16512904717115243,26,2.2962962962962963,0.8688991627258913,2.4166666666666665,1.6129008882638507,1.7037037037037037,2.3333333333333335,210.25925925925927,215.66666666666666,,167.1444099378882,0,0,2013-10-29,2025-12-05,0,21.142857142857142,76.57142857142857
gs-reactive-rest-service,179,4434,26,9,14,0.5384615384615384,17,12,13,31,7,0,7,12,0.0,0.16666666666666666,0,0,1.0,0.10153846153846154,9,26,0.0,0,0.0,229.65384615384616,464.2075348210274,6.884615384615385,13.360619515806661,0.10153846153846154,0.0961537230768443,26,0.02807692307692308,26,0.24694228632237683,26,1.9411764705882353,0.5557189302262113,2.5,0.9045340337332909,0.7647058823529411,2.5833333333333335,126,465.25,,146.50496277915633,0,0,2013-10-29,2025-12-19,0,26.256983240223462,77.6536312849162
gs-rest-hateoas,243,4619,29,9,15,0.5172413793103449,36,8,29,15,18,0,5,4,0.0,0.25,0,0,1.0,0.09852216748768473,7,29,0.0,0,0.0,202.93103448275863,428.3654923939271,8.379310344827585,22.53317204400064,0.09852216748768472,0.08191804440902464,29,0.0220762634555738,29,0.20738727296480625,29,1.4722222222222223,0.9996030958367171,2.5,1.1952286093343936,0.8055555555555556,1.875,104.91666666666667,342.25,,117.44252873563218,0,0,2013-05-24,2026-01-15,0,18.51851851851852,81.06995884773663
gs-rest-service,403,4682,46,11,22,0.4782608695652174,,64,,170,,,60,37,,0.109375,,0,1.0,0.08888888888888889,9,46,0.0,0,0.0,195.6086956521739,462.6304250099938,8.76086956521739,23.255283540743733,0.08888888888888889,0.08248539796785218,46,0.011440491875274484,46,0.17832205058339323,46,,,2.421875,1.5816877413418589,,2.65625,,277.25,,180.46470588235294,0,0,2013-04-12,2026-02-06,0,11.166253101736972,65.2605459057072
gs-scheduling-tasks,261,4656,26,9,14,0.5384615384615384,28,11,17,34,8,2,10,6,0.03571428571428571,0.0,0,0,1.0,0.11076923076923077,8,26,0.0,0,0.0,285.65384615384613,678.2301640185398,10.038461538461538,21.83663118565823,0.11076923076923077,0.097526327806314,26,0.021153846153846155,26,0.20736176326732256,26,1.6071428571428572,0.9940297973880049,3,0.8944271909999159,0.6071428571428571,3.090909090909091,100.21428571428571,353.54545454545456,,242.41176470588238,0,0,2013-04-17,2026-01-15,0,13.793103448275861,76.24521072796935
gs-securing-web,289,4615,45,12,24,0.5333333333333333,63,37,52,78,35,0,24,16,0.0,0.08108108108108109,0,0,1.0,0.08484848484848485,9,45,0.0,0,0.0,168.17777777777778,433.79117770948943,6.4222222222222225,18.251387106549775,0.08484848484848485,0.07621418866897635,45,0.012684989429175475,45,0.18427684438817835,45,1.6984126984126984,0.9610968303222649,2.135135135135135,1.1585949863271212,0.8253968253968254,2.108108108108108,72.03174603174604,338.2162162162162,,287.6474358974359,0,0,2013-05-19,2026-01-06,0,17.647058823529413,72.31833910034602
gs-service-registration-and-discovery,241,4654,27,8,13,0.48148148148148145,29,13,28,30,14,1,11,5,0.0,0.0,0,0,1.0,0.09686609686609686,10,27,0.0,0,0.0,289.037037037037,554.6075175973533,8.925925925925926,21.076647532875604,0.09686609686609687,0.10084439265788792,27,0.03566951566951567,27,0.24965302027899647,27,1.6551724137931034,1.203443335628631,3,1.35400640077266,0.9655172413793104,2.3076923076923075,176.93103448275863,1026.4615384615386,,149.8,0,0,2013-04-19,2026-01-15,0,11.618257261410788,76.34854771784232
gs-serving-web-content,212,4522,28,11,11,0.39285714285714285,44,22,48,66,32,3,17,23,0.022727272727272728,0.09090909090909091,0,0,1.0,0.10582010582010581,7,28,0.0,0,0.0,223.07142857142858,435.01476591128096,7.571428571428571,17.37053395078717,0.10582010582010581,0.0791885161221998,28,0.015873015873015872,28,0.18409697293710578,28,1.8863636363636365,0.9933712646058416,2.5,1.7660825629193044,1.0909090909090908,3,275.6818181818182,148.54545454545453,,447.6306818181818,0,0,2013-07-16,2025-12-03,0,14.150943396226415,77.83018867924528
gs-spring-boot-docker,202,3964,36,12,18,0.5,59,61,103,134,62,9,45,30,0.01694915254237288,0.09836065573770492,0,0,1.0,0.10793650793650794,7,36,0.0,0,0.0,184.05555555555554,477.3832209897408,5.611111111111111,14.644897263996626,0.10793650793650793,0.08749473583128267,36,0.02777777777777778,36,0.28004461304340256,36,2.169491525423729,0.8336157713463008,2.1147540983606556,0.950409747700743,1.7457627118644068,2.19672131147541,274.47457627118644,323.6393442622951,,213.11654108100277,0,0,2015-03-31,2026-02-06,0,19.306930693069308,73.76237623762376
gs-spring-boot,270,4573,48,11,19,0.3958333333333333,,47,,109,,,39,15,,0.06382978723404255,,0,1.0,0.07890070921985816,10,48,0.0,0,0.0,157.6875,392.0128176503004,5.625,16.11610137112122,0.07890070921985816,0.06770467694099377,48,0.03393848288621647,48,0.23979006201544897,48,,,2.276595744680851,1.3465273800405582,,2.297872340425532,,182.5531914893617,,270.651376146789,0,0,2013-07-30,2026-02-06,0,15.925925925925927,73.70370370370371
gs-spring-cloud-loadbalancer,55,2325,13,8,7,0.5384615384615384,11,5,10,6,5,1,4,0,0.0,0.0,0,0,1.0,0.1282051282051282,5,13,0.0,0,0.0,254.3846153846154,429.49845526721407,4.230769230769231,3.9190527374576574,0.1282051282051282,0.08750254371556954,13,0.07226107226107226,13,0.18945185983725538,13,2.090909090909091,0.9438798074485389,1.8,0.8366600265340756,0.9090909090909091,1.2,467.6363636363636,408,,140.91666666666669,0,0,2019-09-25,2026-02-06,0,38.18181818181819,56.36363636363636
gs-spring-cloud-stream,25,2275,11,5,8,0.7272727272727273,8,3,4,1,2,0,0,1,0.0,0.3333333333333333,0,0,1.0,0.2,6,11,0.0,0,0.0,109.9090909090909,211.78973277543676,2.272727272727273,2.1489955370316194,0.2,0.1949358868961793,11,0.0,11,0.2,11,1.625,1.5979898086569353,1.3333333333333333,0.5773502691896257,0.5,0.3333333333333333,334.625,943,,114.375,0,0,2019-10-24,2026-01-15,0,56.00000000000001,40.0
gs-spring-data-reactive-redis,129,4461,13,6,5,0.38461538461538464,13,10,8,10,2,0,1,0,0.0,0.0,0,0,1.0,0.1282051282051282,8,13,0.0,0,0.0,230.15384615384616,479.44878874144734,9.923076923076923,16.98264574235288,0.1282051282051282,0.15067511889157895,13,0.026806526806526808,13,0.20628561253561256,13,1,1.1547005383792515,2.3,0.6749485577105528,0.6153846153846154,1,382.38461538461536,906.2,,145.8375,0,0,2013-10-29,2026-01-15,0,17.05426356589147,85.27131782945736
gs-tanzu-observability,35,1821,10,6,6,0.6,10,,8,,3,1,,,0.0,,0,,,0.1111111111111111,6,10,0.0,0,0.0,115.3,233.08751336974035,3.5,1.9578900207451218,0.1111111111111111,0.11712139482105108,10,0.005555555555555555,10,0.12555555555555556,10,1.5,1.4337208778404378,,,0.8,,76.6,,,0,0,,2021-01-20,2026-01-15,,,
gs-testing-restdocs,70,3229,16,9,8,0.5,20,3,18,6,10,1,2,1,0.05,0.0,0,0,1.0,0.13333333333333333,7,16,0.0,0,0.0,201.75,417.54097603309145,4.375,5.136470902607483,0.13333333333333333,0.10610965676722953,16,0.016071428571428573,16,0.17517361111111113,16,1.65,1.0894228312566052,2,0.0,0.9,2,318.75,67.66666666666667,,109.36111111111111,0,0,2017-03-14,2026-01-15,0,42.857142857142854,58.57142857142858
gs-uploading-files,267,4634,37,12,15,0.40540540540540543,56,53,61,89,45,1,32,15,0.0,0.05660377358490566,0,0,1.0,0.09009009009009009,8,37,0.0,0,0.0,287.3783783783784,613.9654962867463,7.216216216216216,20.729923534102333,0.09009009009009009,0.07273247028980026,37,0.024667524667524667,37,0.20014708945480278,37,1.8035714285714286,0.9801603367379674,2.0754716981132075,1.1577341365418783,1.0892857142857142,1.679245283018868,207.17857142857142,554.0377358490566,,131.7303370786517,0,0,2013-04-23,2025-12-31,0,8.614232209737828,85.0187265917603
gs-validating-form-input,240,4637,28,8,14,0.5,35,15,37,18,22,4,6,5,0.02857142857142857,0.13333333333333333,0,0,1.0,0.09259259259259259,7,28,0.0,0,0.0,175.10714285714286,388.1651366112408,8.571428571428571,21.9214567159727,0.09259259259259259,0.09044140319274037,28,0.018925518925518928,28,0.2095750165113105,28,1.5714285714285714,1.1703622939755296,1.6,0.7367883976130072,1.0571428571428572,1.2,103.34285714285714,165.4,,138.12087087087087,0,0,2013-05-06,2026-01-15,0,11.25,84.58333333333333
gs-vault-config,143,4461,22,8,13,0.5909090909090909,21,6,13,5,7,0,3,0,0.0,0.0,0,0,1.0,0.09523809523809523,11,22,0.0,0,0.0,156.4090909090909,384.5822296232515,6.5,14.33527118683145,0.09523809523809523,0.1119180288367625,22,0.012121212121212123,22,0.17376594444263618,22,1.1904761904761905,1.0779168622415933,1.5,0.5477225575051661,0.6190476190476191,0.8333333333333334,84.42857142857143,536.5,,185.3846153846154,0,0,2013-10-29,2026-01-15,0,18.88111888111888,78.32167832167832
tut-rest,105,2575,21,10,10,0.47619047619047616,69,84,86,178,63,5,78,19,0.014492753623188406,0.03571428571428571,0,0,1.0,0.10952380952380952,8,21,0.0,0,0.0,171.71428571428572,413.42727811032773,5,7.436396977031283,0.10952380952380954,0.09568051998584615,21,0.007268170426065162,21,0.14954125239839525,21,1.9855072463768115,0.9313613316504914,2.261904761904762,1.2035994972816204,1.2463768115942029,2.119047619047619,101.2463768115942,385.3095238095238,,226.5009798798014,0,0,2014-05-14,2021-06-02,0,31.428571428571427,48.57142857142857
netflix-dgs-example-java,108,417,4,2,1,0.25,6,,0,,0,0,,,0.0,,0,,,0.6666666666666666,1,1,99.07407407407408,3,0.75,136,190.22267653112934,27,44.78839135311738,0.6666666666666666,0.2721655269759087,4,0.16666666666666666,4,0.775,4,1,0.6324555320336759,,,0,,184.66666666666666,,,0,0,,2022-04-02,2023-05-24,,,
examples-java,7,900,2,2,1,0.5,2,2,2,2,1,0,1,0,0.0,0.0,0,0,1.0,0,2,2,0.0,0,0.0,17.5,23.33452377915607,3.5,2.1213203435596424,0.0,0.0,2,0.0,2,0.0,2,1.5,0.7071067811865476,2,1.4142135623730951,1,1,730,1039.5,,149.5,0,0,2016-11-24,2019-05-14,0,28.57142857142857,0.0
tensorflow-example-java,20,411,2,2,1,0.5,,7,,41,,,16,8,,0.14285714285714285,,0,,1.0,1,0,100.0,2,1.0,206.5,290.62088706767105,10,8.48528137423857,1.0,0.0,2,0.0,2,1.0,2,,,2.4285714285714284,0.7867957924694432,,5.857142857142857,,1482.857142857143,,,,0,2018-03-04,2019-04-20,,,
tensorflow-java-examples-spring,28,411,3,2,1,0.3333333333333333,1,1,0,4,0,0,4,0,0.0,0.0,0,0,0.8,0.6666666666666666,1,2,60.71428571428571,1,0.3333333333333333,140.66666666666666,235.01560231893825,9.333333333333334,8.020806277010642,0.6666666666666666,0.28867513459481287,3,0.3333333333333333,3,0.7777777777777778,3,2,0,4,0,0,4,0,2494,,222.375,0,0,2018-03-05,2019-04-20,0,3.571428571428571,60.71428571428571
syok_with_java,12,0,1,1,1,1.0,,,,,,,,,,,,,,,,,,,,1,0,12,0,,,,,,,,,,,,,,,,,,,,2018-12-08,2018-12-09,,,
Moxtra-Java-Sample-Code,6,0,2,1,2,1.0,,,,,,,,,,,,,,,,,,,,1,0.0,3,1.4142135623730951,,,,,,,,,,,,,,,,,,,,2014-09-09,2014-09-10,,,
java-application,5,678,2,1,1,0.5,6,,3,,0,0,,,0.0,,0,,,1.0,1,0,100.0,2,1.0,340,479.4183976444792,2.5,2.1213203435596424,1.0,0.0,2,0.0,2,1.0,2,1.1666666666666667,0.408248290463863,,,0.5,,246.16666666666666,,,0,0,,2022-12-29,2024-11-07,,,
telegram-bot,8,50,1,1,0,0.0,1,11,0,40,0,0,4,13,0.0,0.09090909090909091,0,0,0.96875,0,1,0,100.0,1,1.0,51,0,8,0,1,0,1,0.0,1,0.0,1,1,0,3.4545454545454546,4.655397649259113,0,3.6363636363636362,3811,3181.6363636363635,,261.7125,0,0,2014-01-13,2014-03-04,0,0.0,0.0
JavaTutorialProjects,3,0,1,1,0,0.0,,,,,,,,,,,,,,,,,,,,1,0,3,0,,,,,,,,,,,,,,,,,,,,2018-04-23,2018-04-24,,,
ThinkingInJava,68,305,2,1,0,0.0,,,,,,,,,,,,,,1.0,1,0,100.0,2,1.0,153.5,215.667568261897,34,24.041630560342615,1.0,0.0,2,0.0,2,1.0,2,,,,,,,,,,,,,2019-07-14,2020-05-14,,,
demo-java,18,962,1,2,0,0.0,15,1,8,1,2,0,0,1,0.0,1.0,0,0,0.9411764705882353,0,1,0,100.0,1,1.0,963,0,18,0,1,0,1,0.0,1,0.0,1,1.4666666666666666,0.5163977794943222,3,0,0.5333333333333333,1,369.2,288,,94.4375,0,0,2018-02-07,2020-09-26,0,0.0,100.0
timrsyncclient,19,1070,3,2,1,0.3333333333333333,,1,,0,,,0,0,,0.0,,0,,0,3,3,0.0,0,0.0,291.3333333333333,319.50951994163387,6.333333333333333,4.163331998932265,0.0,0.0,3,0.0,3,0.0,3,,,1,0,,0,,1309,,,,0,2011-05-10,2014-04-15,,,
taketoday-tutorial4j,3025,476,1,1,0,0.0,1,1,1,0,0,0,0,0,0.0,0.0,0,0,0.6666666666666666,0,1,0,100.0,1,1.0,477,0,3025,0,1,0,1,0.0,1,0.0,1,2,0,2,0,1,0,0,0,,3.5,0,0,2022-12-10,2024-03-30,0,0.0,100.0
usb4java-examples,26,2016,2,2,0,0.0,1,3,0,2,0,0,1,0,0.0,0.0,0,0,0.6,1.0,1,0,100.0,2,1.0,1158,1214.8094500784887,13,14.142135623730951,1.0,0.0,2,0.0,2,1.0,2,1,0,1.3333333333333333,0.5773502691896257,0,0.6666666666666666,523,2172.6666666666665,,35.0,0,0,2013-04-14,2018-10-21,0,0.0,100.0
usb4java-javax-examples,8,1694,1,2,0,0.0,3,2,0,1,0,0,0,0,0.0,0.0,0,0,0.8333333333333334,0,1,0,100.0,1,1.0,1695,0,8,0,1,0,1,0.0,1,0.0,1,1,0.0,1.5,0.7071067811865476,0,0.5,893,3675.5,,43.0,0,0,2014-03-02,2018-10-21,0,0.0,100.0
visa-java-sample-code,4,84,4,1,2,0.5,,,,,,,,,,,,,,0.3333333333333333,2,4,0.0,0,0.0,1,0.0,1,0.0,0.3333333333333333,0.0,4,0.0,4,0.3333333333333333,4,,,,,,,,,,,,,2017-10-18,2018-01-11,,,
WageTracker,2,2,1,1,1,1.0,,,,,,,,,,,,,,0,1,0,100.0,1,1.0,3,0,2,0,1,0,1,0.0,1,0.0,1,,,,,,,,,,,,,2025-08-22,2025-08-25,,,
vydya-java,38,66,4,2,0,0.0,,,,,,,,,,,,,,0.5,2,2,42.10526315789473,2,0.5,10.5,8.020806277010642,9.5,7.234178138070235,0.5,0.19245008972987526,4,0.3333333333333333,4,0.625,4,,,,,,,,,,,,,2025-03-09,2025-05-15,,,
ViniLibJava,9,0,1,1,1,1.0,,,,,,,,,,,,,,,,,,,,1,0,9,0,,,,,,,,,,,,,,,,,,,,2015-09-15,2015-09-16,,,
graphql,13,7,1,1,0,0.0,1,1,1,0,0,0,0,0,0.0,0.0,0,0,0.0,0,1,0,100.0,1,1.0,8,0,13,0,1,0,1,0.0,1,0.0,1,1,0,1,0,1,0,214,214,,11.5,0,0,2019-03-01,2019-03-08,0,0.0,0.0
javacodesamples,11,1419,2,3,1,0.5,1,,1,,1,0,,,0.0,,0,,,1.0,1,0,100.0,2,1.0,710.5,1003.384522503711,5.5,6.363961030678928,1.0,0.0,2,0.0,2,1.0,2,2,0,,,1,,0,,,0,0,,2014-03-16,2018-02-03,,,
MLE5109-Course-samples,23,72,1,2,0,0.0,,,,,,,,,,,,,,0,1,0,100.0,1,1.0,73,0,23,0,1,0,1,0.0,1,0.0,1,,,,,,,,,,,,,2017-10-07,2017-12-18,,,
webapp_with_jetty,1,0,1,1,1,1.0,,,,,,,,,,,,,,,,,,,,1,0,1,0,,,,,,,,,,,,,,,,,,,,2019-05-26,2019-05-26,,,
java-examples,83,2551,1,1,0,0.0,6,2,2,0,0,0,0,0,0.0,0.0,0,0,0.5,0,1,0,100.0,1,1.0,2552,0,83,0,1,0,1,0.0,1,0.0,1,0,0.0,1,0.0,0.3333333333333333,0,898,181,,8.5,0,0,2019-01-23,2026-01-18,0,0.0,100.0
