repo_name,CommitCount,AuthorCount,DaysActive,TimezoneCount,NumberPRs,NumberIssues,BusFactorNumber,commitCentrality_Density,commitCentrality_Community Count,commitCentrality_NumberHighCentralityAuthors,PRParticipantsCount_mean,IssueParticipantCount_mean,IssueCommentsCount_mean,AuthorCommitCount_mean,AuthorActiveDays_mean,commitCentrality_Centrality_mean,lone_wolf,radio_silence,org_silo,total_code_smells,total_design_smells,total_impl_smells,God_Class,Feature_Envy,Long_Method,Complex_Method,Long_Parameter_List,Magic_Number,Duplicate_Code,Unutilized_Abstraction,Deficient_Encapsulation
JavaSampleCodes,20,2,1152,1,,,,1.0,1.0,2.0,,,,10.0,577.0,1.0,0,1,0,1,1,0,0,0,0,0,0,0,0,1,0
demo,1047,6,1075,5,77.0,3.0,0.9493670886075948,0.6,1.0,4.0,2.636363636363636,1.6666666666666667,1.3333333333333333,174.5,395.8333333333333,0.6000000000000001,1,0,0,1,1,0,0,0,0,0,0,0,0,1,0
MyJavaNLayerTrials,5,1,595,2,,,,0.0,1.0,1.0,,,,5.0,596.0,1.0,0,1,0,9,6,3,0,0,0,0,0,3,0,6,0
Java-Tutorial-Projects,1,1,0,1,,,,,,,,,,1.0,1.0,,0,1,0,48,1,47,0,0,0,1,0,44,0,1,0
MipSDK-File-Java-Basic,41,6,1298,4,10.0,10.0,1.0,0.2,3.0,0.0,1.2,1.3,0.6,6.833333333333333,230.5,0.2,1,0,1,7,4,3,0,0,0,0,0,0,0,2,1
azure-cosmos-cassandra-extensions-java-sample-v4,53,6,492,4,8.0,1.0,-0.5,0.7333333333333333,2.0,6.0,1.25,3.0,1.0,8.833333333333334,148.33333333333334,0.7333333333333334,0,0,0,11,1,10,0,0,0,0,1,3,0,0,1
azure-cosmos-cassandra-extensions-java-sample,33,4,420,3,,,,1.0,1.0,4.0,,,,8.25,210.75,1.0,0,1,0,15,2,13,0,0,0,0,1,8,0,1,1
azure-functions-samples-java,68,14,1658,10,41.0,5.0,1.0,0.1648351648351648,4.0,0.0,2.073170731707317,1.4,0.6,4.857142857142857,177.92857142857142,0.1648351648351648,1,0,1,80,43,37,0,0,0,0,3,14,0,31,10
azure-search-java-samples,168,13,2498,7,,,,0.2435897435897435,3.0,1.0,,,,12.923076923076923,264.53846153846155,0.2435897435897435,0,1,1,100,20,80,0,0,0,1,0,34,0,12,3
azure-spring-data-cosmos-java-sql-api-samples,42,9,1440,4,15.0,5.0,1.0,0.1111111111111111,5.0,0.0,1.2666666666666666,1.8,1.6,4.666666666666667,88.22222222222223,0.1111111111111111,1,0,1,8,2,6,0,0,0,0,0,4,0,2,0
communication-services-android-calling-hero,68,12,1092,4,131.0,6.0,0.8571428571428571,0.3787878787878788,4.0,4.0,2.931297709923664,2.5,3.6666666666666665,5.666666666666667,134.33333333333334,0.3787878787878788,0,0,0,47,16,31,0,0,0,0,1,4,0,8,3
data-box-samples,46,9,919,4,8.0,,,0.3055555555555556,3.0,2.0,2.125,,,5.111111111111111,90.22222222222224,0.3055555555555556,0,0,0,232,1,231,0,0,1,0,0,229,0,1,0
ms-identity-android-java,112,28,2221,8,75.0,26.0,1.0,0.0952380952380952,7.0,0.0,1.88,1.807692307692308,1.4230769230769231,4.0,100.64285714285714,0.0952380952380952,1,0,1,62,11,51,0,0,0,0,1,1,0,6,2
ms-identity-docs-code-java,29,8,1064,7,51.0,,,0.25,4.0,1.0,0.9607843137254902,,,3.625,58.5,0.25,0,0,1,0,0,0,0,0,0,0,0,0,0,0,0
open-liberty-on-aks,124,11,1575,6,48.0,1.0,0.7777777777777778,0.2909090909090909,3.0,2.0,1.1875,2.0,5.0,11.272727272727272,303.45454545454544,0.2909090909090909,0,0,1,8,6,2,0,0,0,0,0,0,0,6,0
demo-DSV-java,3,1,0,1,,,,,,,,,,3.0,1.0,,0,1,0,3,1,2,0,0,0,0,0,2,0,1,0
java-oop-examples,9,2,1547,1,8.0,,,0.0,2.0,0.0,0.25,,,4.5,4.5,0.0,0,0,0,5,4,1,0,0,0,0,0,1,0,4,0
HelloWorld,4,2,1641,2,74.0,3.0,1.0,0.0,2.0,0.0,1.5675675675675675,1.6666666666666667,0.3333333333333333,2.0,187.0,0.0,1,0,0,135,44,91,0,0,0,5,0,83,0,39,0
cybersource-rest-samples-java,423,30,2670,4,116.0,15.0,0.9375,0.2942528735632184,3.0,3.0,1.7413793103448276,1.3333333333333333,0.5333333333333333,14.1,379.0,0.2942528735632184,1,0,1,879,25,854,0,0,12,3,1,131,0,2,23
_100DaysOfCode,35,2,399,1,,,,1.0,1.0,2.0,,,,17.5,202.5,1.0,0,1,0,58,8,50,0,0,0,3,0,42,0,6,0
datomic-java-examples,71,8,4645,5,4.0,3.0,1.0,0.2142857142857142,3.0,0.0,0.75,2.0,1.0,8.875,492.25,0.2142857142857142,1,0,1,107,16,91,0,0,1,0,1,24,0,8,7
Java_Sample_Codes,2,1,6,1,,1.0,,0.0,1.0,1.0,,1.0,0.0,2.0,7.0,1.0,0,0,0,188,43,145,0,0,0,1,0,142,0,43,0
javabackend_project,10,5,0,1,,,,,,,,,,2.0,1.0,,0,1,0,4,2,2,0,0,0,0,0,2,0,2,0
ddd,21,2,2063,1,,2.0,,1.0,1.0,2.0,,1.0,0.0,10.5,1036.0,1.0,0,0,0,5,3,2,0,0,0,0,0,0,0,3,0
javalab,81,8,119,1,21.0,1.0,0.0,1.0,1.0,8.0,1.7142857142857142,1.0,0.0,10.125,15.875,1.0,0,0,0,211,53,158,0,0,0,2,0,146,0,52,0
foglight-rest-api-java-sample-code,8,3,97,2,,,,1.0,1.0,3.0,,,,2.6666666666666665,33.333333333333336,1.0,0,1,0,81,19,62,0,0,0,5,2,34,0,14,0
Code_Along_with_GZM__JAVA,13,3,1,1,4.0,,,1.0,1.0,3.0,2.0,,,4.333333333333333,1.3333333333333333,1.0,0,0,0,13,5,8,0,0,0,0,0,8,0,5,0
JavaCodeSnippets,1,1,0,1,,,,,,,,,,1.0,1.0,,0,1,0,399,139,260,0,0,0,0,0,250,0,133,0
javalabs,19,2,51,1,,,,1.0,1.0,2.0,,,,9.5,26.5,1.0,0,1,0,11,4,7,0,0,0,0,0,6,0,4,0
VLC-SCFS004-24-0650,138,1,21,1,,,,0.0,1.0,1.0,,,,138.0,22.0,1.0,0,1,0,347,86,261,0,0,0,3,1,246,0,72,3
hms-push-serverdemo-java,33,6,1126,1,5.0,19.0,0.8823529411764706,0.4,2.0,2.0,1.0,1.6842105263157894,0.7894736842105263,5.5,351.3333333333333,0.4,0,0,0,174,65,109,0,0,0,2,2,42,0,34,1
ibm-developer-java,10,4,137,3,6.0,,,0.1666666666666666,3.0,0.0,0.8333333333333334,,,2.5,15.5,0.1666666666666666,0,0,1,38,15,23,0,0,0,1,0,8,0,12,3
mongodb-java-examples,21,1,664,2,,,,0.0,1.0,1.0,,,,21.0,665.0,1.0,0,1,0,27,10,17,0,0,0,5,0,11,0,9,1
Java8,17,1,2052,1,,,,0.0,1.0,1.0,,,,17.0,2053.0,1.0,0,1,0,174,64,110,0,0,0,0,1,91,0,57,3
javamoney-examples,472,10,4455,10,31.0,40.0,0.9565217391304348,0.2888888888888888,3.0,1.0,1.2580645161290325,1.675,2.325,47.2,996.1,0.2888888888888888,1,0,1,1862,373,1489,0,0,0,39,61,1234,0,275,26
JavaDemoJenkins,2,1,0,1,,,,,,,,,,2.0,1.0,,0,1,0,1,1,0,0,0,0,0,0,0,0,1,0
KeyAuth-JAVA-api,11,1,111,1,1.0,,,0.0,1.0,1.0,1.0,,,11.0,112.0,1.0,0,0,0,31,1,30,0,0,0,0,0,16,0,0,1
JavaDemoApplication,11,3,399,1,,,,0.0,3.0,0.0,,,,3.6666666666666665,9.0,0.0,0,1,1,8,4,4,0,0,0,0,1,1,0,4,0
JavaTutorialProjectsGuidedPersonal,1,1,0,1,,,,,,,,,,1.0,1.0,,0,1,0,107,2,105,0,0,1,0,0,102,0,1,0
Java-Demo-Application-with-Spring-Boot-and-Security,3,1,0,1,,,,,,,,,,3.0,1.0,,0,1,0,45,18,27,0,0,0,0,2,11,0,15,0
Proj11x,1,1,0,1,,,,,,,,,,1.0,1.0,,0,1,0,4,4,0,0,0,0,0,0,0,0,2,0
gateway-java-sample-code,564,21,700,5,29.0,,,0.4523809523809524,3.0,8.0,1.5517241379310345,,,26.857142857142858,113.47619047619048,0.4523809523809524,0,0,0,120,14,106,0,0,1,2,2,5,0,7,3
javaSamples1,1,1,0,1,,,,,,,,,,1.0,1.0,,0,1,0,119,24,95,0,0,0,2,1,73,0,17,6
outlook-actionable-messages-java-token-validation,27,5,977,2,,,,0.3,3.0,0.0,,,,5.4,175.4,0.3,0,1,0,3,1,2,0,0,0,0,0,1,0,1,0
Commerce-API-Java,16,2,19,1,1.0,1.0,0.0,1.0,1.0,2.0,1.0,1.0,1.0,8.0,10.5,1.0,0,0,0,38,7,31,0,0,0,0,3,1,0,6,0
azure4j-blog-samples,15,1,20,1,,,,0.0,1.0,1.0,,,,15.0,21.0,1.0,0,1,0,72,25,47,0,0,0,0,1,18,0,11,3
Java_MVVM_with_Swing_and_RxJava_Examples,112,2,440,3,3.0,5.0,0.6,1.0,1.0,2.0,1.6666666666666667,2.0,4.4,56.0,221.0,1.0,0,0,0,438,64,374,0,0,0,0,0,325,0,39,22
gs-relational-data-access,3,1,0,1,,,,,,,,,,3.0,1.0,,0,1,0,3,1,2,0,0,0,0,0,0,0,1,0
java_examples,14,3,1871,2,1.0,1.0,0.6666666666666666,0.6666666666666666,1.0,1.0,2.0,2.0,5.0,4.666666666666667,624.6666666666666,0.6666666666666666,0,0,0,10,4,6,0,0,0,0,0,6,0,4,0
JavaTutorialsProject,1,1,0,1,,,,,,,,,,1.0,1.0,,0,1,0,71,24,47,0,0,0,1,0,42,0,20,0
JAVA-SAMPLE-CODES,42,1,44,1,,,,0.0,1.0,1.0,,,,42.0,45.0,1.0,0,1,0,49,18,31,0,0,0,0,0,28,0,18,0
JavaSampleCodeForPull,1,1,0,1,,,,,,,,,,1.0,1.0,,0,1,0,301,61,240,0,0,0,4,8,215,0,48,8
JavaLearningTutorial,1,1,0,1,,,,,,,,,,1.0,1.0,,0,1,0,18,15,3,0,0,0,0,3,0,0,12,0
JAVA_TUTORIAL_PROJECTS,6,1,94,1,1.0,,,0.0,1.0,1.0,1.0,,,6.0,95.0,1.0,0,0,0,17,3,14,0,0,0,0,0,13,0,3,0
hexagonal-architecture-java,52,2,533,4,8.0,,,1.0,1.0,2.0,1.625,,,26.0,267.5,1.0,0,0,0,7,5,2,0,0,0,0,0,0,0,4,0
aws-lambda-api-java-example,2,1,0,1,,,,,,,,,,2.0,1.0,,0,1,0,2,1,1,0,0,0,0,0,1,0,1,0
creational-design-patterns-example,6,1,4,1,,,,0.0,1.0,1.0,,,,6.0,5.0,1.0,0,1,0,25,19,6,0,0,0,0,0,0,0,19,0
structural-design-pattern-example,5,1,39,1,,,,0.0,1.0,1.0,,,,5.0,40.0,1.0,0,1,0,34,19,15,0,0,0,0,0,15,0,19,0
JAVA,3128,765,3498,22,,1201.0,1.0,0.0472470314478321,7.0,0.0,,2.4188176519567026,2.758534554537885,4.088888888888889,31.07581699346405,0.0472470314478321,1,0,1,1,1,0,0,0,0,0,0,0,0,1,0
ELK-Logger,28,4,23,3,2.0,2.0,-1.0,1.0,1.0,4.0,2.0,1.0,0.0,7.0,1.0,1.0,0,0,0,2,2,0,0,0,0,0,0,0,0,2,0
TestProject,1,1,0,1,,,,,,,,,,1.0,1.0,,0,1,0,2,2,0,0,0,0,0,0,0,0,1,0
JavaExamples,58,2,119,1,,,,1.0,1.0,2.0,,,,29.0,60.0,1.0,0,1,0,181,25,156,0,0,0,1,1,145,0,15,2
CodingJava,5,3,0,1,,,,,,,,,,1.6666666666666667,1.0,,0,1,0,4,2,2,0,0,0,0,0,2,0,2,0
JavaPractice,417,2,1095,1,1.0,,,1.0,1.0,2.0,0.0,,,208.5,606.5,1.0,0,0,0,91,25,66,0,0,0,1,0,59,0,24,0
TensorFlow-Java-Examples,4,2,0,1,,,,,,,,,,2.0,1.0,,0,1,0,2,1,1,0,0,0,0,0,1,0,1,0
KodlamaIoJavaTutorialProjectsPart1Eclipse,7,2,2,1,,,,1.0,1.0,2.0,,,,3.5,2.0,1.0,0,1,0,88,17,71,0,0,0,6,0,61,0,16,0
KodlamaIoJavaTutorialProjectsPart1Intellij,2,2,0,1,,,,,,,,,,1.0,1.0,,0,1,0,95,17,78,0,0,0,6,0,68,0,16,0
REST-API-Sample,3,2,1500,2,1.0,,,0.0,2.0,0.0,1.0,,,1.5,8.5,0.0,0,0,0,21,4,17,0,0,0,0,0,15,0,4,0
codeSamples,809,5,4566,4,3.0,,,0.4,1.0,1.0,0.0,,,161.8,1364.8,0.4,0,0,0,8,5,3,0,0,0,0,0,3,0,5,0
amenity-reservation,9,2,535,2,,,,1.0,1.0,2.0,,,,4.5,267.0,1.0,0,1,0,11,8,3,0,0,0,0,0,2,0,4,0
test-spring4-apps,2,1,0,1,,,,,,,,,,2.0,1.0,,0,1,0,0,0,0,0,0,0,0,0,0,0,0,0
javademo,397,67,0,3,,,,,,,,,,5.925373134328358,1.0,,0,1,0,3,3,0,0,0,0,0,0,0,0,2,0
amv-trafficsoft-restclient-demo,22,2,287,2,,,,1.0,1.0,2.0,,,,11.0,188.5,1.0,0,1,0,30,10,20,0,0,0,0,0,4,0,7,0
Java-Sample-Code,2,2,1,1,,,,1.0,1.0,2.0,,,,1.0,1.0,1.0,0,1,0,4,2,2,0,0,0,0,0,2,0,1,0
Java-Code-Examples,20,1,32,1,,,,0.0,1.0,1.0,,,,20.0,33.0,1.0,0,1,0,36,10,26,0,0,0,0,1,23,0,10,0
Java_SampleCode,3,2,31,1,,,,0.0,2.0,0.0,,,,1.5,1.0,0.0,0,1,0,289,36,253,0,0,4,12,0,152,0,23,11
oracle_java_tutorial_projects,1,1,0,1,,,,,,,,,,1.0,1.0,,0,1,0,27,10,17,0,0,0,0,0,17,0,5,3
receive_payment_java,4,1,0,2,,,,,,,,,,4.0,1.0,,0,1,0,7,0,7,0,0,0,0,0,6,0,0,0
Aspose.BarCode-for-Java,456,30,4649,5,30.0,1.0,1.0,0.0781609195402298,10.0,0.0,1.8666666666666667,2.0,2.0,15.2,151.43333333333334,0.0781609195402298,1,0,1,1162,41,1121,0,0,0,4,3,1051,0,36,1
Aspose.Cells-for-Java,572,35,4711,5,46.0,28.0,1.0,0.1176470588235294,8.0,0.0,1.7173913043478262,2.107142857142857,3.607142857142857,16.34285714285714,313.1428571428572,0.1176470588235294,1,0,1,2440,307,2133,0,0,5,21,6,1886,0,257,14
Aspose.Diagram-for-Java,89,21,3015,3,16.0,5.0,1.0,0.0523809523809523,13.0,0.0,1.5625,2.0,2.0,4.238095238095238,178.9047619047619,0.0523809523809523,1,0,1,346,26,320,0,0,0,1,1,259,0,12,4
Aspose.Email-for-Java,201,33,3018,5,42.0,6.0,1.0,0.0946969696969697,12.0,0.0,1.4761904761904765,1.8333333333333333,0.8333333333333334,6.090909090909091,183.66666666666663,0.0946969696969697,1,0,1,850,180,670,0,0,1,4,3,430,0,113,49
Aspose.HTML-for-Java,37,13,2980,4,8.0,1.0,1.0,0.0897435897435897,7.0,0.0,1.5,2.0,1.0,2.8461538461538463,66.46153846153847,0.0897435897435897,1,0,1,514,156,358,0,0,0,1,1,283,0,144,5
Aspose.PDF-for-Java,301,37,4542,7,28.0,36.0,1.0,0.0765765765765765,12.0,0.0,1.6071428571428572,2.2777777777777777,2.583333333333333,8.135135135135135,167.6216216216216,0.0765765765765765,1,0,1,1093,253,840,0,0,2,6,4,634,0,172,12
Aspose.Slides-for-Java,466,31,4712,4,22.0,10.0,1.0,0.1096774193548387,6.0,0.0,1.818181818181818,2.4,3.4,15.03225806451613,231.6451612903226,0.1096774193548387,1,0,1,3385,593,2792,0,0,3,13,4,2367,0,540,16
Aspose.Tasks-for-Java,123,26,4090,4,17.0,,,0.0738461538461538,10.0,0.0,1.7647058823529411,,,4.730769230769231,184.53846153846155,0.0738461538461538,0,0,1,762,137,625,0,0,1,5,3,465,0,109,10
Aspose.Words-for-Java,864,36,5045,7,40.0,75.0,1.0,0.1507936507936507,5.0,0.0,1.775,2.36,4.133333333333334,24.0,430.6666666666667,0.1507936507936507,1,0,1,13093,1136,11957,0,0,3,56,73,8500,0,630,155
amazon-kinesis-analytics-beam-taxi-consumer,83,9,1588,6,22.0,2.0,0.6666666666666666,0.2777777777777778,2.0,2.0,1.0,2.0,1.5,9.22222222222222,286.8888888888889,0.2777777777777778,0,0,0,29,11,18,0,0,0,0,0,4,0,6,5
amazon-kinesis-analytics-streaming-etl,77,8,1310,5,23.0,3.0,0.8333333333333334,0.25,3.0,1.0,0.7391304347826086,1.0,0.3333333333333333,9.625,313.75,0.25,0,0,1,17,1,16,0,0,0,1,0,0,0,1,0
amazon-kinesis-data-analytics-flink-benchmarking-utility,14,7,1062,5,3.0,1.0,1.0,0.1428571428571428,4.0,0.0,1.3333333333333333,1.0,0.0,2.0,61.285714285714285,0.1428571428571428,1,0,1,33,4,29,0,0,0,0,4,8,0,2,0
amazon-translate-pdf,37,6,1036,4,10.0,,,0.3333333333333333,3.0,1.0,1.1,,,6.166666666666667,188.0,0.3333333333333333,0,0,0,25,4,21,0,0,0,0,2,11,0,2,1
aws-amplify-example-recipe-app-react-native,57,6,875,6,23.0,,,0.5333333333333333,2.0,4.0,0.8695652173913043,,,9.5,272.8333333333333,0.5333333333333334,0,0,0,3,2,1,0,0,0,0,0,0,0,2,0
aws-athena-udfs-textanalytics,74,8,1103,6,22.0,1.0,0.75,0.3214285714285714,3.0,1.0,0.8181818181818182,2.0,2.0,9.25,190.375,0.3214285714285714,0,0,0,78,2,76,0,0,0,3,1,24,0,0,1
aws-cognito-java-desktop-app,39,15,2368,7,7.0,10.0,0.9047619047619048,0.3142857142857143,5.0,2.0,1.7142857142857142,2.4,2.3,2.6,211.2,0.3142857142857143,1,0,0,166,6,160,0,0,0,1,0,141,0,0,0
clickstream-consumer-for-apache-kafka,46,9,1812,6,26.0,,,0.3055555555555556,3.0,2.0,1.0384615384615383,,,5.111111111111111,443.1111111111111,0.3055555555555556,0,0,0,205,13,192,0,0,0,8,1,164,0,3,1
clickstream-producer-for-apache-kafka,57,11,1823,7,26.0,2.0,0.7777777777777778,0.2727272727272727,4.0,2.0,1.0769230769230769,1.5,1.5,5.181818181818182,379.8181818181818,0.2727272727272727,0,0,1,259,11,248,0,0,0,12,3,187,0,2,1
data-engineering-for-aws-immersion-day,119,11,2301,6,31.0,13.0,0.9545454545454546,0.2909090909090909,3.0,1.0,1.7096774193548387,2.1538461538461537,1.8461538461538465,10.818181818181818,409.1818181818182,0.2909090909090909,1,0,1,17,5,12,0,0,0,0,1,5,0,2,1
integration-sample-lambda-msk,43,10,1734,6,20.0,2.0,1.0,0.2,3.0,0.0,1.2,2.0,1.5,4.3,194.6,0.1999999999999999,1,0,1,22,1,21,0,0,0,0,0,12,0,1,0
reactive-refarch-cloudformation,130,8,2370,5,23.0,2.0,0.5,0.4642857142857143,3.0,4.0,1.3478260869565215,2.0,2.5,16.25,549.25,0.4642857142857142,0,0,0,26,8,18,0,0,0,0,1,9,0,5,1
java-demoapp,39,1,620,2,2.0,1.0,0.75,0.0,1.0,1.0,2.0,1.0,0.0,39.0,621.0,1.0,0,0,0,23,10,13,0,0,0,0,0,6,0,10,0
upacademyJavaStarterExamples,23,2,46,1,,,,1.0,1.0,2.0,,,,11.5,35.0,1.0,0,1,0,366,216,150,0,0,0,6,4,128,0,157,12
cleanarch,8,2,339,2,1.0,3.0,0.6,1.0,1.0,2.0,2.0,2.0,1.3333333333333333,4.0,170.5,1.0,0,0,0,81,37,44,0,0,0,0,3,15,0,35,0
Java-Learning,87,3,2160,2,14.0,8.0,0.9473684210526316,0.6666666666666666,1.0,1.0,1.5714285714285714,2.0,1.75,29.0,725.3333333333334,0.6666666666666666,1,0,0,6,1,5,0,0,0,0,0,4,0,1,0
JavaSampleCodeIS2104,1,1,0,1,,,,,,,,,,1.0,1.0,,0,1,0,130,52,78,0,0,0,2,0,71,0,52,0
java-tensorflow-samples,29,1,29,1,,,,0.0,1.0,1.0,,,,29.0,30.0,1.0,0,1,0,113,19,94,0,0,0,2,0,79,0,16,1
azurejava,2,2,0,1,,,,,,,,,,1.0,1.0,,0,1,0,3,2,1,0,0,0,0,0,0,0,2,0
java-code-demo,42,3,420,1,1.0,1.0,-0.5,1.0,1.0,3.0,0.0,2.0,1.0,14.0,141.0,1.0,0,0,0,52,14,38,0,0,0,0,0,28,0,13,0
olami-nlu-samples-java,2,1,0,1,,,,,,,,,,2.0,1.0,,0,1,0,296,19,277,0,0,2,9,3,225,0,5,6
htm.java-examples,58,5,388,5,,,,0.5,2.0,1.0,,,,11.6,89.8,0.5,0,1,0,344,16,328,0,0,0,6,4,297,0,10,1
OpenPgp-BounceCastle-Example,6,2,1166,2,1.0,6.0,0.75,1.0,1.0,2.0,1.0,1.6666666666666667,1.0,3.0,584.0,1.0,0,0,0,16,1,15,0,0,0,1,3,2,0,1,0
pe-solutions-in-java,24,2,87,2,4.0,,,1.0,1.0,2.0,2.0,,,12.0,48.0,1.0,0,0,0,50,5,45,0,0,0,0,0,44,0,4,0
gs-testing-web,3,2,0,1,,,,,,,,,,1.5,1.0,,0,1,0,9,8,1,0,0,0,0,0,0,0,8,0
Dr.Know,18,2,2,1,,,,1.0,1.0,2.0,,,,9.0,2.0,1.0,0,1,0,7,2,5,0,0,0,0,0,3,0,2,0
CoreJava,17,2,1184,1,,3.0,,1.0,1.0,2.0,,1.0,0.0,8.5,644.5,1.0,0,0,0,700,136,564,0,0,3,14,0,498,0,119,1
testcontainers.testcontainers-java-examples,32,6,940,8,9.0,5.0,0.9090909090909092,0.4,3.0,1.0,2.0,1.4,2.4,5.333333333333333,208.83333333333331,0.4,1,0,0,44,25,19,0,0,0,0,0,14,0,12,9
Java-Tutorial,151,5,2588,2,29.0,10.0,0.9285714285714286,0.4,1.0,1.0,0.4137931034482758,1.6,0.9,30.2,518.6,0.4,1,0,0,19,3,16,0,0,0,2,0,14,0,3,0
javademos,117,2,1405,3,1.0,,,1.0,1.0,2.0,2.0,,,58.5,703.5,1.0,0,0,0,95,35,60,0,0,0,0,1,57,0,31,0
basyx-java-examples,281,16,860,3,209.0,7.0,0.8333333333333334,0.35,3.0,3.0,0.9952153110047848,2.142857142857143,3.4285714285714284,17.5625,171.875,0.35,0,0,0,597,261,336,0,0,0,2,47,88,0,189,32
weatherApp,1,1,0,1,,,,,,,,,,1.0,1.0,,0,1,0,25,5,20,0,0,0,1,1,16,0,4,1
item-manager,4,1,90,2,,,,0.0,1.0,1.0,,,,4.0,91.0,1.0,0,1,0,7,4,3,0,0,0,0,0,3,0,3,0
elasticsearch,60912,1842,4252,26,,,,,,,,,,33.068403908794785,191.74049945711184,,0,1,0,19,6,13,0,0,0,0,0,7,0,4,0
on_the_road_java,43,1,248,2,,,,0.0,1.0,1.0,,,,43.0,249.0,1.0,0,1,0,146,89,57,0,0,0,0,0,51,0,66,12
cqrs-lottery,18,1,29,1,,,,0.0,1.0,1.0,,,,18.0,30.0,1.0,0,1,0,202,97,105,0,0,0,0,4,32,0,54,7
RxJavaDemoApplication,5,1,147,1,,,,0.0,1.0,1.0,,,,5.0,148.0,1.0,0,1,0,112,27,85,0,0,0,1,3,64,0,9,15
java-tuto-1,18,2,490,2,,,,1.0,1.0,2.0,,,,9.0,251.5,1.0,0,1,0,103,38,65,0,0,0,0,0,58,0,38,0
spark-cassandra-java-example,5,2,19,1,,1.0,,1.0,1.0,2.0,,1.0,0.0,2.5,10.5,1.0,0,0,0,32,1,31,0,0,0,0,0,23,0,0,0
solent2Public,733,7,1181,2,29.0,12.0,0.1666666666666666,0.7142857142857143,1.0,5.0,1.0344827586206895,1.0,0.0,104.71428571428572,499.57142857142856,0.7142857142857143,0,0,0,3711,1908,1803,0,0,3,80,41,1229,0,1683,111
bazel-java,52,2,2755,2,1.0,1.0,0.3333333333333333,1.0,1.0,2.0,1.0,2.0,3.0,26.0,1378.5,1.0,0,0,0,33,18,15,0,0,0,0,0,11,0,12,5
java-hospital-patients-registry,13,2,91,1,,,,1.0,1.0,2.0,,,,6.5,46.5,1.0,0,1,0,10,5,5,0,0,0,0,0,4,0,3,1
tutorial,208,4,1670,2,15.0,1.0,-0.5,0.6666666666666666,1.0,3.0,0.8,2.0,29.0,52.0,967.75,0.6666666666666666,0,0,0,53,39,14,0,0,0,0,2,6,0,38,0
jnao-example,38,3,38,3,,1.0,,1.0,1.0,3.0,,2.0,8.0,12.666666666666666,14.0,1.0,0,0,0,345,86,259,0,0,3,10,3,216,0,40,17
Java-Samples,368,29,4248,12,1641.0,103.0,1.0,0.1477832512315271,7.0,0.0,3.271785496648385,2.349514563106796,1.7766990291262137,12.689655172413794,237.44827586206893,0.147783251231527,1,0,1,15,14,1,0,0,0,0,0,1,0,14,0
graphql-java-examples,54,8,1566,3,43.0,3.0,0.5,0.6071428571428571,2.0,6.0,0.5116279069767442,1.6666666666666667,0.6666666666666666,6.75,230.375,0.6071428571428571,0,0,0,66,35,31,0,0,0,0,2,12,0,32,1
grpc-java,7022,463,4052,17,,,0.0,0.0659822538872215,3.0,3.0,,,,15.166306695464362,205.34341252699784,0.0659822538872215,0,1,1,3,2,1,0,0,0,0,0,1,0,2,0
gst1-java-examples,49,5,2538,5,15.0,9.0,0.9411764705882352,0.3,2.0,1.0,1.3333333333333333,2.555555555555556,3.4444444444444446,9.8,388.6,0.3,1,0,0,307,35,272,0,0,4,3,3,223,0,31,0
JavaProject1,1,1,0,1,,,,,,,,,,1.0,1.0,,0,1,0,1,1,0,0,0,0,0,0,0,0,1,0
JavaTutorial,190,9,2066,1,12.0,38.0,0.9777777777777776,0.3888888888888889,3.0,1.0,1.6666666666666667,1.763157894736842,1.2894736842105263,21.11111111111111,230.55555555555557,0.3888888888888889,1,0,0,2,1,1,0,0,0,0,0,0,0,1,0
msa-ddd-eventsourcing,70,6,60,1,18.0,6.0,-0.2,1.0,1.0,6.0,1.1666666666666667,1.5,1.0,11.666666666666666,15.666666666666666,1.0,0,0,0,94,68,26,0,0,0,0,12,2,0,56,0
JavaSamplesCode,2,1,1,1,,,,0.0,1.0,1.0,,,,2.0,2.0,1.0,0,1,0,13,5,8,0,0,0,0,0,8,0,5,0
SpringBoot-Java-Demo-application,3,1,0,1,,,,,,,,,,3.0,1.0,,0,1,0,10,6,4,0,0,0,0,0,2,0,5,1
javaplays-alchemyapi,8,2,35,2,,,,1.0,1.0,2.0,,,,4.0,16.5,1.0,0,1,0,14,12,2,0,0,0,0,0,0,0,12,0
stock-trading-with-java-isc1128,43,5,303,2,12.0,1.0,0.8333333333333334,0.6,2.0,1.0,2.1666666666666665,1.0,0.0,8.6,110.6,0.6,0,0,0,227,32,195,0,0,0,16,24,98,0,25,2
JavaWithMosh,10,1,7,1,,,,0.0,1.0,1.0,,,,10.0,8.0,1.0,0,1,0,13,2,11,0,0,0,0,0,10,0,2,0
TA-Lib-Java-Examples,4,3,1302,2,1.0,3.0,0.75,0.6666666666666666,1.0,1.0,2.0,1.3333333333333333,0.6666666666666666,1.3333333333333333,435.0,0.6666666666666666,0,0,0,4,4,0,0,0,0,0,0,0,0,2,2
oracle-spatial-visualizer-demo,5,1,0,1,,,,,,,,,,5.0,1.0,,0,1,0,11,2,9,0,0,0,0,0,9,0,2,0
javazuki-sample-codes,10,2,209,1,,,,1.0,1.0,2.0,,,,5.0,105.5,1.0,0,1,0,15,8,7,0,0,0,0,0,7,0,6,1
encog-java-examples,732,9,3333,4,4.0,,,0.2777777777777778,3.0,1.0,1.5,,,81.33333333333333,512.6666666666666,0.2777777777777778,0,0,1,866,106,760,0,0,0,10,7,700,0,32,64
java-ort-example-yolov5,11,4,238,1,3.0,8.0,0.5714285714285714,0.5,2.0,3.0,1.0,2.0,3.25,2.75,28.25,0.5,0,0,0,92,8,84,0,0,0,0,6,77,0,5,1
javafx-examples,100,4,78,3,9.0,5.0,0.7142857142857143,1.0,1.0,4.0,1.8888888888888888,1.8,2.0,25.0,20.75,1.0,0,0,0,60,11,49,0,0,0,0,0,47,0,11,0
Java-Code-Samples,14,3,94,3,,,,0.3333333333333333,2.0,0.0,,,,4.666666666666667,1.0,0.3333333333333333,0,1,0,19,10,9,0,0,0,0,0,9,0,10,0
gitstafette-explorer,5,1,177,2,,,,0.0,1.0,1.0,,,,5.0,178.0,1.0,0,1,0,3,2,1,0,0,0,0,0,0,0,2,0
JavaTutorialProject,1,1,0,1,,,,,,,,,,1.0,1.0,,0,1,0,17,6,11,0,0,0,0,0,11,0,6,0
alfresco-api-java-examples,17,2,1325,4,2.0,5.0,0.5,1.0,1.0,2.0,1.5,1.0,0.0,8.5,663.5,1.0,0,0,0,106,93,13,0,0,0,0,1,2,0,26,30
play-demo-twitbookplus,7,1,0,1,,,,,,,,,,7.0,1.0,,0,1,0,22,12,10,0,0,0,0,2,5,0,6,5
java-clean-architecture-example,132,1,284,1,4.0,,,0.0,1.0,1.0,0.75,,,132.0,285.0,1.0,0,0,0,778,290,488,0,0,0,2,5,299,0,211,3
HapiFhirClientDemo,8,3,1603,2,2.0,,,0.3333333333333333,2.0,0.0,0.0,,,2.6666666666666665,34.333333333333336,0.3333333333333333,0,0,0,3,1,2,0,0,0,0,0,0,0,1,0
HapiFhirServiceDemo,4,1,2,1,,,,0.0,1.0,1.0,,,,4.0,3.0,1.0,0,1,0,12,4,8,0,0,0,0,1,0,0,3,1
java-coding-practice,42,3,370,1,21.0,,,1.0,1.0,3.0,1.9523809523809523,,,14.0,247.66666666666663,1.0,0,0,0,68,1,67,0,0,0,1,0,65,0,1,0
JavaRepository,1664,20,187,3,1270.0,,,0.9315789473684212,2.0,19.0,1.8913385826771651,,,83.2,54.4,0.9315789473684212,0,0,0,6,2,4,0,0,0,0,0,4,0,2,0
javaRepo,29,3,551,4,2.0,,,0.6666666666666666,1.0,1.0,1.0,,,9.666666666666666,186.66666666666663,0.6666666666666666,0,0,0,31,12,19,0,0,0,0,0,18,0,12,0
JavaBasicTutorial,9,1,45,1,,,,0.0,1.0,1.0,,,,9.0,46.0,1.0,0,1,0,104,12,92,0,0,0,0,0,92,0,12,0
Java-Appium-Master,3,2,0,1,,,,,,,,,,1.5,1.0,,0,1,0,1,1,0,0,0,0,0,0,0,0,1,0
pit-example,8,2,1715,3,2.0,,,1.0,1.0,2.0,1.5,,,4.0,858.5,1.0,0,0,0,3,1,2,0,0,0,0,0,2,0,1,0
java-demo,143,10,2022,2,6.0,7.0,1.0,0.2222222222222222,3.0,0.0,0.8333333333333334,1.5714285714285714,1.7142857142857142,14.3,394.4,0.2222222222222222,1,0,1,3,0,3,0,0,0,0,0,3,0,0,0
Core-Java---Madhura-Anturkar,2,1,0,1,,,,,,,,,,2.0,1.0,,0,1,0,1263,402,861,0,0,0,12,21,744,0,359,21
MyJavaTutorialProject,2,1,0,1,,,,,,,,,,2.0,1.0,,0,1,0,113,13,100,0,0,0,2,1,95,0,8,2
hazelcast-test,2,1,0,1,,,,,,,,,,2.0,1.0,,0,1,0,7,3,4,0,0,0,0,0,2,0,3,0
javaboy-code-samples,104,1,1465,1,43.0,7.0,0.9090909090909092,0.0,1.0,1.0,0.0,1.7142857142857142,0.8571428571428571,104.0,1466.0,1.0,1,0,0,1120,632,488,0,0,0,5,2,275,0,551,26
levelup-java-examples,592,2,955,4,37.0,1.0,0.6666666666666666,1.0,1.0,2.0,0.1351351351351351,2.0,2.0,296.0,478.5,1.0,0,0,0,2333,389,1944,0,0,0,8,2,1756,0,381,3
api,64,5,664,2,17.0,33.0,0.9782608695652174,0.4,2.0,1.0,2.411764705882353,2.121212121212121,2.212121212121212,12.8,229.8,0.4,1,0,0,63,47,16,0,0,0,0,0,1,0,38,6
kafka-producer-consumer-java-example,4,2,16,2,,,,1.0,1.0,2.0,,,,2.0,9.0,1.0,0,1,0,8,1,7,0,0,0,0,0,4,0,1,0
tensorflow-java,20,1,739,2,,2.0,,0.0,1.0,1.0,,2.0,2.5,20.0,740.0,1.0,0,0,0,14,3,11,0,0,0,0,0,7,0,3,0
Nick_JavaSampleCode,1,1,0,1,,,,,,,,,,1.0,1.0,,0,1,0,143,30,113,0,0,0,0,0,106,0,29,0
old_java_code,3,1,4,1,,,,0.0,1.0,1.0,,,,3.0,5.0,1.0,0,1,0,58,16,42,0,0,0,0,0,28,0,10,5
gs-rest-service-cors,128,13,1932,10,,,,0.2307692307692307,3.0,1.0,,,,9.846153846153848,222.30769230769232,0.2307692307692307,0,1,1,6,4,2,0,0,0,0,0,0,0,4,0
azure-cafe,282,4,2100,5,7.0,,,0.5,2.0,2.0,0.8571428571428571,,,70.5,945.5,0.5,0,0,0,9,2,7,0,0,0,1,0,3,0,2,0
sleuth-documentation-apps,6,1,21,1,,,,0.0,1.0,1.0,,,,6.0,22.0,1.0,0,1,0,48,11,37,0,0,0,0,1,34,0,11,0
the-legacy-app,17,3,283,2,1.0,,,1.0,1.0,3.0,2.0,,,5.666666666666667,95.33333333333331,1.0,0,0,0,30,17,13,0,0,0,0,0,8,0,13,0
effective-java-examples,7,2,1718,2,3.0,1.0,1.0,0.0,2.0,0.0,1.0,4.0,4.0,3.5,294.0,0.0,1,0,0,255,87,168,0,0,0,0,2,162,0,65,9
clean-architecture-example,125,3,44,2,4.0,10.0,0.8421052631578947,1.0,1.0,3.0,1.5,1.8,1.6,41.66666666666666,37.0,1.0,0,0,0,222,53,169,0,0,0,0,4,50,0,39,7
RssDigesterWithCouchbase,9,2,0,1,,,,,,,,,,4.5,1.0,,0,1,0,8,3,5,0,0,0,0,0,4,0,3,0
appium-java-examples,23,1,1024,2,21.0,24.0,0.5,0.0,1.0,1.0,1.0,1.0,0.1666666666666666,23.0,1025.0,1.0,0,0,0,99,20,79,0,0,0,0,0,49,0,14,1
solid,23,1,1,1,2.0,10.0,0.9166666666666666,0.0,1.0,1.0,1.0,1.1,0.1,23.0,2.0,1.0,1,0,0,40,32,8,0,0,0,0,0,7,0,26,0
sdacademy-examples,234,4,666,2,16.0,,,1.0,1.0,4.0,0.5,,,58.5,173.25,1.0,0,0,0,618,222,396,0,0,1,1,1,332,0,204,0
JavaSampleCode,17,3,90,1,,,,1.0,1.0,3.0,,,,5.666666666666667,31.0,1.0,0,1,0,183,65,118,0,0,0,1,0,114,0,59,2
graphql-examples,5,1,1,1,,,,0.0,1.0,1.0,,,,5.0,2.0,1.0,0,1,0,58,44,14,0,0,0,0,0,4,0,28,0
deadbolt-2-java-examples,47,5,1217,3,3.0,5.0,1.0,0.4,2.0,0.0,1.3333333333333333,1.6,1.6,9.4,205.4,0.4,1,0,0,29,22,7,0,0,0,0,0,1,0,19,3
Core-Java,132,1,1513,1,5.0,4.0,0.75,0.0,1.0,1.0,0.0,1.0,0.25,132.0,1514.0,1.0,0,0,0,2254,432,1822,0,0,0,9,13,1663,0,396,5
cap-java-bookstore-app,5,1,13,1,,,,0.0,1.0,1.0,,,,5.0,14.0,1.0,0,1,0,1,1,0,0,0,0,0,0,0,0,1,0
Java_Tutorials-Projects,6,1,16,1,,,,0.0,1.0,1.0,,,,6.0,17.0,1.0,0,1,0,739,69,670,0,0,2,12,1,623,0,62,1
JavaApp,33,5,1841,2,,,,0.2,3.0,0.0,,,,6.6,84.6,0.2,0,1,1,16,13,3,0,0,0,0,0,1,0,5,0
JavaExamplesInterviewQuestions,22,2,0,1,,,,,,,,,,11.0,1.0,,0,1,0,46,18,28,0,0,0,0,0,25,0,18,0
JavaCode,4,2,907,1,7.0,2.0,1.0,0.0,2.0,0.0,1.2857142857142858,1.5,0.5,2.0,169.0,0.0,1,0,0,17,10,7,0,0,0,0,0,7,0,9,0
JavaSnippets,50,2,47,1,,,,1.0,1.0,2.0,,,,25.0,24.5,1.0,0,1,0,2,1,1,0,0,0,0,0,1,0,1,0
SparkJavaExamples,1,1,0,1,,,,,,,,,,1.0,1.0,,0,1,0,87,5,82,0,0,0,0,0,70,0,5,0
neow3j-examples-java,351,9,2616,6,20.0,20.0,0.8181818181818182,0.3333333333333333,3.0,2.0,1.85,2.4,3.05,39.0,651.1111111111111,0.3333333333333333,0,0,0,110,51,59,0,0,0,4,3,20,0,46,5
unsafe-java-world,8,3,266,3,2.0,,,0.6666666666666666,1.0,1.0,2.0,,,2.6666666666666665,89.66666666666667,0.6666666666666666,0,0,0,38,8,30,0,0,0,0,0,24,0,4,3
SomeCode,3,1,1,1,,,,0.0,1.0,1.0,,,,3.0,2.0,1.0,0,1,0,11,6,5,0,0,0,0,0,5,0,4,0
java-codebits-cellar,38,1,8,1,,5.0,,0.0,1.0,1.0,,1.0,3.2,38.0,9.0,1.0,0,0,0,93,40,53,0,0,0,0,0,49,0,25,4
auth0-full-stack-java-example,71,1,211,2,14.0,3.0,0.75,0.0,1.0,1.0,1.0714285714285714,1.6666666666666667,2.6666666666666665,71.0,212.0,1.0,0,0,0,273,76,197,0,0,0,3,2,21,0,58,6
opentelemetry-java-examples,928,39,1556,13,,50.0,0.9245283018867924,0.2348178137651821,4.0,4.0,,2.2,3.02,23.7948717948718,220.8717948717949,0.2348178137651821,1,0,1,349,92,257,0,0,0,0,3,136,0,88,3
cloud-asset-erp-dataloading-using-java,7,1,1030,1,,,,0.0,1.0,1.0,,,,7.0,1031.0,1.0,0,1,0,11,2,9,0,0,0,0,0,0,0,2,0
java-design-patterns-1,27,1,272,1,,,,0.0,1.0,1.0,,,,27.0,273.0,1.0,0,1,0,130,91,39,0,0,0,0,0,33,0,62,6
opencv-test,8,2,5,1,,1.0,,1.0,1.0,2.0,,1.0,0.0,4.0,3.5,1.0,0,0,0,35,7,28,0,0,0,2,0,19,0,5,0
java-tutorial-project,4,1,10,2,,,,0.0,1.0,1.0,,,,4.0,11.0,1.0,0,1,0,8,6,2,0,0,0,0,0,0,0,5,0
janusgraph-java-example,6,1,509,1,,2.0,,0.0,1.0,1.0,,2.0,1.5,6.0,510.0,1.0,0,0,0,4,1,3,0,0,0,0,0,3,0,1,0
java-lessons-landfill,47,2,44,1,,,,1.0,1.0,2.0,,,,23.5,23.0,1.0,0,1,0,184,70,114,0,0,0,0,0,101,0,65,3
javafx-demodesktop-application,1,1,0,1,,,,,,,,,,1.0,1.0,,0,1,0,6,2,4,0,0,0,0,0,4,0,2,0
Java-Demo-Application,155,2,65,1,1.0,,,1.0,1.0,2.0,0.0,,,77.5,38.5,1.0,0,0,0,335,14,321,0,0,2,0,0,309,0,3,1
redisson-examples,24,7,2871,5,7.0,22.0,1.0,0.1428571428571428,4.0,0.0,1.4285714285714286,1.6363636363636365,1.5,3.4285714285714284,499.0,0.1428571428571428,1,0,1,261,61,200,0,0,0,0,0,192,0,57,0
JavaSamples,18,2,238,1,,,,1.0,1.0,2.0,,,,9.0,219.0,1.0,0,1,0,0,0,0,0,0,0,0,0,0,0,0,0
gemini-function-calling,14,1,10,1,,,,0.0,1.0,1.0,,,,14.0,11.0,1.0,0,1,0,22,4,18,0,0,0,0,0,0,0,4,0
spring-javafx-examples,41,2,360,2,,12.0,,1.0,1.0,2.0,,2.0,1.6666666666666667,20.5,302.5,1.0,0,0,0,44,44,0,0,0,0,0,0,0,0,32,0
akka-java-examples,12,1,33,2,3.0,2.0,0.8333333333333334,0.0,1.0,1.0,1.3333333333333333,2.0,1.5,12.0,34.0,1.0,0,0,0,35,18,17,0,0,0,0,0,16,0,13,5
MasteringJava,85,1,132,1,,,,0.0,1.0,1.0,,,,85.0,133.0,1.0,0,1,0,352,154,198,0,0,0,0,1,194,0,118,4
sendOTPSample-JAVA,1,1,0,1,,,,,,,,,,1.0,1.0,,0,1,0,5,2,3,0,0,0,0,0,0,0,0,2
java_programming_language,56,1,599,2,,,,0.0,1.0,1.0,,,,56.0,600.0,1.0,0,1,0,267,35,232,0,0,0,4,12,195,0,35,0
Defeat-JAVA,283,76,438,8,124.0,44.0,0.2083333333333333,1.0,1.0,76.0,1.991935483870968,2.6818181818181817,2.477272727272727,3.723684210526316,7.605263157894737,1.0,0,0,0,2539,306,2233,0,0,7,48,7,2033,0,255,14
Core-Java-Tutorial-Projects,4,1,0,1,,,,,,,,,,4.0,1.0,,0,1,0,7,1,6,0,0,0,0,0,6,0,1,0
grpc-by-example-java,130,12,1577,11,112.0,18.0,0.9629629629629628,0.303030303030303,2.0,1.0,1.2410714285714286,1.4444444444444444,0.9444444444444444,10.833333333333334,213.25,0.303030303030303,1,0,0,176,63,113,0,0,0,0,1,60,0,57,2
VeraDemoCircleCI,117,4,1155,3,,,,0.6666666666666666,1.0,3.0,,,,29.25,286.0,0.6666666666666666,0,1,0,77,3,74,0,0,2,1,1,62,0,3,0
GraphSearch,72,2,1173,2,2.0,,,0.0,2.0,0.0,1.0,,,36.0,29.5,0.0,0,0,0,37,7,30,0,0,0,0,0,30,0,1,2
day12-face-detection,2,1,0,1,,,,,,,,,,2.0,1.0,,0,1,0,2,0,2,0,0,0,0,0,1,0,0,0
core-java-ref,3,1,0,1,,,,,,,,,,3.0,1.0,,0,1,0,21,9,12,0,0,0,0,0,12,0,6,1
potential-octo-chainsaw,22,1,39,1,,,,0.0,1.0,1.0,,,,22.0,40.0,1.0,0,1,0,91,36,55,0,0,0,0,1,43,0,19,2
ctrader-open-api-v2-java-example,31,10,2057,4,13.0,8.0,1.0,0.2222222222222222,4.0,0.0,1.3846153846153846,2.0,2.375,3.1,396.6,0.2222222222222222,1,0,1,67,13,54,0,0,0,1,0,18,0,5,3
feign-eureka,22,7,3700,5,9.0,12.0,1.0,0.0,7.0,0.0,2.0,2.0,1.8333333333333333,3.142857142857143,263.42857142857144,0.0,1,0,1,1,0,1,0,0,0,0,0,0,0,0,0
sleuth-issues,245,12,2407,8,182.0,1.0,0.3333333333333333,0.3787878787878788,2.0,4.0,0.8681318681318682,1.0,0.0,20.416666666666668,425.1666666666667,0.3787878787878788,0,0,0,104,41,63,0,0,0,0,0,26,0,39,1
gs-accessing-data-jpa,272,43,4596,10,57.0,27.0,1.0,0.0874861572535991,5.0,0.0,1.6666666666666667,2.1481481481481484,1.5555555555555556,6.325581395348837,187.93023255813952,0.0874861572535991,1,0,1,3,3,0,0,0,0,0,0,0,0,3,0
gs-accessing-data-mongodb,251,29,4598,10,33.0,23.0,1.0,0.0935960591133004,9.0,0.0,1.4848484848484849,2.869565217391304,2.1739130434782608,8.655172413793103,206.24137931034485,0.0935960591133004,1,0,1,5,4,1,0,0,0,0,0,1,0,3,1
gs-accessing-data-mysql,188,32,4489,12,45.0,32.0,1.0,0.0665322580645161,13.0,0.0,1.711111111111111,4.28125,4.78125,5.875,174.65625,0.0665322580645161,1,0,1,5,5,0,0,0,0,0,0,0,0,4,0
gs-accessing-data-neo4j,256,32,4668,10,30.0,19.0,1.0,0.1028225806451613,8.0,0.0,1.9666666666666663,1.8421052631578947,1.2105263157894737,8.0,243.28125,0.1028225806451612,1,0,1,4,3,1,0,0,0,0,0,0,0,2,1
gs-accessing-data-r2dbc,138,18,4488,8,11.0,2.0,1.0,0.0718954248366013,7.0,0.0,1.0909090909090908,3.0,2.5,7.666666666666667,290.8888888888889,0.0718954248366013,1,0,1,7,2,5,0,0,0,0,0,4,0,2,0
gs-accessing-data-rest,167,23,4353,10,33.0,17.0,1.0,0.1067193675889328,7.0,0.0,1.696969696969697,2.0588235294117645,2.823529411764706,7.260869565217392,358.4782608695652,0.1067193675889328,1,0,1,15,4,11,0,0,0,0,0,0,0,4,0
gs-accessing-mongodb-data-rest,150,21,4365,11,26.0,8.0,1.0,0.0904761904761904,10.0,0.0,1.807692307692308,2.375,2.125,7.142857142857143,193.0,0.0904761904761904,1,0,1,15,4,11,0,0,0,0,0,0,0,4,0
gs-accessing-neo4j-data-rest,172,20,4367,8,30.0,10.0,0.96,0.1052631578947368,8.0,1.0,1.3333333333333333,2.4,2.5,8.6,273.75,0.1052631578947368,1,0,1,15,4,11,0,0,0,0,0,0,0,4,0
gs-accessing-vault,147,18,4483,8,9.0,5.0,1.0,0.130718954248366,7.0,0.0,1.7777777777777777,1.6,0.8,8.166666666666666,243.16666666666663,0.130718954248366,1,0,1,2,2,0,0,0,0,0,0,0,0,2,0
gs-actuator-service,244,32,4656,10,27.0,11.0,1.0,0.0866935483870967,7.0,0.0,2.1481481481481484,1.9090909090909087,0.8181818181818182,7.625,182.15625,0.0866935483870967,1,0,1,6,4,2,0,0,0,0,0,0,0,4,0
gs-async-method,207,24,4565,9,21.0,10.0,1.0,0.0978260869565217,10.0,0.0,1.9047619047619049,2.0,2.1,8.625,233.41666666666663,0.0978260869565217,1,0,1,7,3,4,0,0,0,0,0,4,0,3,0
gs-authenticating-ldap,251,31,4649,9,34.0,27.0,1.0,0.0903225806451612,9.0,0.0,1.7352941176470589,2.6296296296296298,2.185185185185185,8.096774193548388,277.5806451612903,0.0903225806451612,1,0,1,7,5,2,0,0,0,0,0,0,0,5,0
gs-batch-processing,284,36,4627,9,63.0,20.0,1.0,0.0904761904761904,10.0,0.0,1.746031746031746,2.45,2.45,7.888888888888889,203.05555555555557,0.0904761904761904,1,0,1,9,3,6,0,0,0,0,1,1,0,3,0
gs-caching,153,21,4461,8,36.0,3.0,1.0,0.0857142857142857,9.0,0.0,1.3611111111111112,2.6666666666666665,1.0,7.285714285714286,237.6190476190476,0.0857142857142857,1,0,1,10,8,2,0,0,0,0,0,2,0,8,0
gs-centralized-configuration,254,26,4675,9,23.0,12.0,1.0,0.0892307692307692,10.0,0.0,1.7391304347826086,4.25,4.416666666666667,9.76923076923077,351.88461538461536,0.0892307692307692,1,0,1,4,4,0,0,0,0,0,0,0,0,4,0
gs-cloud-circuit-breaker,171,22,4416,10,31.0,5.0,1.0,0.0909090909090909,6.0,0.0,0.967741935483871,2.2,1.4,7.772727272727272,228.0909090909091,0.0909090909090909,1,0,1,7,6,1,0,0,0,0,0,0,0,6,0
gs-consuming-rest,262,35,4628,11,36.0,28.0,1.0,0.1008403361344537,8.0,0.0,2.0277777777777777,2.607142857142857,2.4285714285714284,7.485714285714286,198.11428571428573,0.1008403361344537,1,0,1,3,3,0,0,0,0,0,0,0,0,3,0
gs-consuming-web-service,156,19,4376,11,18.0,50.0,1.0,0.1052631578947368,7.0,0.0,2.111111111111111,2.66,4.0,8.210526315789474,403.89473684210526,0.1052631578947368,1,0,1,4,3,1,0,0,0,0,0,0,0,3,0
gs-contract-rest,153,20,4484,11,13.0,13.0,1.0,0.0947368421052631,11.0,0.0,2.3076923076923075,2.3076923076923075,1.8461538461538465,7.65,205.9,0.0947368421052631,1,0,1,29,14,15,0,0,0,0,0,9,0,14,0
gs-crud-with-vaadin,249,31,3859,10,127.0,22.0,1.0,0.1333333333333333,7.0,0.0,1.795275590551181,2.6818181818181817,2.6818181818181817,8.03225806451613,445.4193548387097,0.1333333333333333,1,0,1,12,7,5,0,0,0,0,0,3,0,7,0
gs-gateway,153,20,4461,9,18.0,9.0,1.0,0.131578947368421,8.0,0.0,1.5,2.0,1.3333333333333333,7.65,264.2,0.131578947368421,1,0,1,8,3,5,0,0,0,0,0,1,0,3,0
gs-handling-form-submission,197,24,4564,8,27.0,11.0,1.0,0.1159420289855072,7.0,0.0,1.4444444444444444,1.9090909090909087,1.5454545454545454,8.208333333333334,231.875,0.1159420289855072,1,0,1,5,4,1,0,0,0,0,0,0,0,4,0
gs-integration,217,24,4608,8,29.0,6.0,1.0,0.1123188405797101,7.0,0.0,1.7586206896551724,2.1666666666666665,2.1666666666666665,9.041666666666666,247.08333333333331,0.1123188405797101,1,0,1,3,3,0,0,0,0,0,0,0,0,3,0
gs-managing-transactions,209,21,4556,7,26.0,4.0,1.0,0.1476190476190476,5.0,0.0,1.1923076923076923,1.5,2.75,9.952380952380953,274.23809523809524,0.1476190476190476,1,0,1,8,3,5,0,0,0,0,0,3,0,3,0
gs-messaging-jms,248,35,4654,10,34.0,20.0,1.0,0.0957983193277311,7.0,0.0,1.6764705882352942,1.75,1.3,7.085714285714285,140.9142857142857,0.095798319327731,1,0,1,2,2,0,0,0,0,0,0,0,0,2,0
gs-messaging-rabbitmq,236,27,4642,9,29.0,20.0,1.0,0.1139601139601139,7.0,0.0,2.1379310344827585,1.8,2.0,8.74074074074074,264.3703703703704,0.1139601139601139,1,0,1,5,2,3,0,0,0,0,0,2,0,2,0
gs-messaging-redis,234,25,4642,9,27.0,12.0,1.0,0.0866666666666666,9.0,0.0,1.8148148148148149,2.75,2.333333333333333,9.36,233.2,0.0866666666666666,1,0,1,2,1,1,0,0,0,0,0,1,0,1,0
gs-messaging-stomp-websocket,188,32,4539,10,47.0,47.0,1.0,0.0786290322580645,9.0,0.0,1.7872340425531914,2.617021276595745,2.617021276595745,5.875,200.09375,0.0786290322580645,1,0,1,9,5,4,0,0,0,0,2,2,0,5,0
gs-multi-module,97,18,3298,10,28.0,35.0,1.0,0.0849673202614379,9.0,0.0,2.0357142857142856,2.0285714285714285,1.9142857142857144,5.388888888888889,261.3888888888889,0.0849673202614379,1,0,1,6,6,0,0,0,0,0,0,0,0,5,0
gs-producing-web-service,175,26,4420,10,27.0,24.0,1.0,0.0953846153846153,11.0,0.0,2.2962962962962963,2.4166666666666665,2.333333333333333,6.730769230769231,230.96153846153845,0.0953846153846153,1,0,1,7,6,1,0,0,0,0,0,0,0,6,0
gs-reactive-rest-service,179,26,4434,9,17.0,12.0,1.0,0.1015384615384615,9.0,0.0,1.9411764705882355,2.5,2.583333333333333,6.884615384615385,229.65384615384616,0.1015384615384615,1,0,1,5,2,3,0,0,0,0,0,0,0,2,0
gs-rest-hateoas,243,29,4619,9,36.0,8.0,1.0,0.0985221674876847,7.0,0.0,1.4722222222222223,2.5,1.875,8.379310344827585,202.93103448275863,0.0985221674876847,1,0,1,10,6,4,0,0,0,0,0,0,0,6,0
gs-rest-service,403,46,4682,11,,64.0,1.0,0.0888888888888888,9.0,0.0,,2.421875,2.65625,8.76086956521739,195.6086956521739,0.0888888888888888,1,0,1,6,4,2,0,0,0,0,0,0,0,4,0
gs-scheduling-tasks,261,26,4656,9,28.0,11.0,1.0,0.1107692307692307,8.0,0.0,1.6071428571428572,3.0,3.090909090909091,10.038461538461538,285.65384615384613,0.1107692307692307,1,0,1,4,2,2,0,0,0,0,0,2,0,2,0
gs-securing-web,289,45,4615,12,63.0,37.0,1.0,0.0848484848484848,9.0,0.0,1.6984126984126984,2.135135135135135,2.108108108108108,6.422222222222223,168.17777777777778,0.0848484848484848,1,0,1,6,5,1,0,0,0,0,0,0,0,5,0
gs-service-registration-and-discovery,241,27,4654,8,29.0,13.0,1.0,0.0968660968660968,10.0,0.0,1.6551724137931034,3.0,2.3076923076923075,8.925925925925926,289.037037037037,0.0968660968660968,1,0,1,5,5,0,0,0,0,0,0,0,0,5,0
gs-serving-web-content,212,28,4522,11,44.0,22.0,1.0,0.1058201058201058,7.0,0.0,1.8863636363636365,2.5,3.0,7.571428571428571,223.07142857142856,0.1058201058201058,1,0,1,4,4,0,0,0,0,0,0,0,0,4,0
gs-spring-boot-docker,202,36,3964,12,59.0,61.0,1.0,0.1079365079365079,7.0,0.0,2.169491525423729,2.114754098360656,2.19672131147541,5.611111111111111,184.05555555555557,0.1079365079365079,1,0,1,8,4,4,0,0,0,0,0,0,0,4,0
gs-spring-boot,270,48,4573,11,,47.0,1.0,0.0789007092198581,10.0,0.0,,2.276595744680851,2.297872340425532,5.625,157.6875,0.0789007092198581,1,0,1,6,5,1,0,0,0,0,0,0,0,5,0
gs-spring-cloud-loadbalancer,55,13,2325,8,11.0,5.0,1.0,0.1282051282051282,5.0,0.0,2.090909090909091,1.8,1.2,4.230769230769231,254.3846153846154,0.1282051282051282,1,0,1,24,9,15,0,0,0,0,0,6,0,9,0
gs-spring-cloud-stream,25,11,2275,5,8.0,3.0,1.0,0.2,6.0,0.0,1.625,1.3333333333333333,0.3333333333333333,2.272727272727273,109.9090909090909,0.2,1,0,1,11,6,5,0,0,0,0,0,2,0,6,0
gs-spring-data-reactive-redis,129,13,4461,6,13.0,10.0,1.0,0.1282051282051282,8.0,0.0,1.0,2.3,1.0,9.923076923076923,230.15384615384616,0.1282051282051282,1,0,1,6,4,2,0,0,0,0,0,0,0,4,0
gs-tanzu-observability,35,10,1821,6,10.0,,,0.1111111111111111,6.0,0.0,1.5,,,3.5,115.3,0.1111111111111111,0,0,1,10,6,4,0,0,0,0,0,0,0,6,0
gs-testing-restdocs,70,16,3229,9,20.0,3.0,1.0,0.1333333333333333,7.0,0.0,1.65,2.0,2.0,4.375,201.75,0.1333333333333333,1,0,1,12,7,5,0,0,0,0,0,0,0,7,0
gs-uploading-files,267,37,4634,12,56.0,53.0,1.0,0.09009009009009,8.0,0.0,1.8035714285714288,2.0754716981132075,1.679245283018868,7.216216216216216,287.3783783783784,0.09009009009009,1,0,1,20,11,9,0,0,0,0,0,0,0,9,0
gs-validating-form-input,240,28,4637,8,35.0,15.0,1.0,0.0925925925925925,7.0,0.0,1.5714285714285714,1.6,1.2,8.571428571428571,175.10714285714286,0.0925925925925925,1,0,1,4,4,0,0,0,0,0,0,0,0,4,0
gs-vault-config,143,22,4461,8,21.0,6.0,1.0,0.0952380952380952,11.0,0.0,1.1904761904761905,1.5,0.8333333333333334,6.5,156.4090909090909,0.0952380952380952,1,0,1,2,2,0,0,0,0,0,0,0,0,2,0
tut-rest,105,21,2575,10,69.0,84.0,1.0,0.1095238095238095,8.0,0.0,1.9855072463768115,2.261904761904762,2.119047619047619,5.0,171.71428571428572,0.1095238095238095,1,0,1,52,35,17,0,0,0,0,0,0,0,26,0
netflix-dgs-example-java,108,4,417,2,6.0,,,0.6666666666666666,1.0,3.0,1.0,,,27.0,136.0,0.6666666666666666,0,0,0,196,93,103,0,0,0,1,0,62,0,79,0
examples-java,7,2,900,2,2.0,2.0,1.0,0.0,2.0,0.0,1.5,2.0,1.0,3.5,17.5,0.0,1,0,0,406,190,216,0,0,0,0,0,134,0,143,34
tensorflow-example-java,20,2,411,2,,7.0,,1.0,1.0,2.0,,2.4285714285714284,5.857142857142857,10.0,206.5,1.0,0,0,0,42,12,30,0,0,0,0,1,19,0,7,0
tensorflow-java-examples-spring,28,3,411,2,1.0,1.0,0.8,0.6666666666666666,1.0,1.0,2.0,4.0,4.0,9.333333333333334,140.66666666666666,0.6666666666666666,0,0,0,48,13,35,0,0,0,0,1,21,0,11,0
syok_with_java,12,1,0,1,,,,,,,,,,12.0,1.0,,0,1,0,35,21,14,0,0,0,0,0,13,0,15,3
Moxtra-Java-Sample-Code,6,2,0,1,,,,,,,,,,3.0,1.0,,0,1,0,16,4,12,0,0,0,1,1,4,0,3,1
Java-application,5,2,678,1,6.0,,,1.0,1.0,2.0,1.1666666666666667,,,2.5,340.0,1.0,0,0,0,2,2,0,0,0,0,0,0,0,0,2,0
telegram-bot,8,1,50,1,1.0,11.0,0.96875,0.0,1.0,1.0,1.0,3.4545454545454546,3.636363636363636,8.0,51.0,1.0,1,0,0,11,9,2,0,0,0,0,0,1,0,6,1
JavaTutorialProjects,3,1,0,1,,,,,,,,,,3.0,1.0,,0,1,0,114,94,20,0,0,0,0,0,20,0,67,13
ThinkingInJava,68,2,305,1,,,,1.0,1.0,2.0,,,,34.0,153.5,1.0,0,1,0,1594,1051,543,0,0,0,6,5,508,0,800,36
demo-java,18,1,962,2,15.0,1.0,0.9411764705882352,0.0,1.0,1.0,1.4666666666666666,3.0,1.0,18.0,963.0,1.0,1,0,0,115,18,97,0,0,1,4,0,43,0,5,10
timrsyncclient,19,3,1070,2,,1.0,,0.0,3.0,0.0,,1.0,0.0,6.333333333333333,291.3333333333333,0.0,0,0,1,17,5,12,0,0,0,0,0,2,0,5,0
taketoday-tutorial4j,3025,1,476,1,1.0,1.0,0.6666666666666666,0.0,1.0,1.0,2.0,2.0,0.0,3025.0,477.0,1.0,0,0,0,34781,10592,24189,0,0,4,87,164,19169,0,8774,512
usb4java-examples,26,2,2016,2,1.0,3.0,0.6,1.0,1.0,2.0,1.0,1.3333333333333333,0.6666666666666666,13.0,1158.0,1.0,0,0,0,34,4,30,0,0,0,1,0,21,0,4,0
usb4java-javax-examples,8,1,1694,2,3.0,2.0,0.8333333333333334,0.0,1.0,1.0,1.0,1.5,0.5,8.0,1695.0,1.0,0,0,0,51,17,34,0,0,0,3,2,21,0,6,4
visa-java-sample-code,4,4,84,1,,,,0.3333333333333333,2.0,0.0,,,,1.0,1.0,0.3333333333333333,0,1,0,739,187,552,0,0,0,26,52,103,0,147,0
wagetracker,2,1,2,1,,,,0.0,1.0,1.0,,,,2.0,3.0,1.0,0,1,0,97,13,84,0,0,0,0,0,52,0,11,1
vydya-java,38,4,66,2,,,,0.5,2.0,2.0,,,,9.5,10.5,0.5,0,1,0,51,1,50,0,0,0,1,0,43,0,1,0
ViniLibJava,9,1,0,1,,,,,,,,,,9.0,1.0,,0,1,0,5,2,3,0,0,0,0,0,3,0,2,0
graphql,13,1,7,1,1.0,1.0,0.0,0.0,1.0,1.0,1.0,1.0,0.0,13.0,8.0,1.0,0,0,0,74,29,45,0,0,0,0,0,23,0,12,0
JavaCodeSamples,11,2,1419,3,1.0,,,1.0,1.0,2.0,2.0,,,5.5,710.5,1.0,0,0,0,3,2,1,0,0,0,0,0,0,0,2,0
MLE5109-Course-samples,23,1,72,2,,,,0.0,1.0,1.0,,,,23.0,73.0,1.0,0,1,0,190,87,103,0,0,0,0,2,87,0,61,11
webapp_with_jetty,1,1,0,1,,,,,,,,,,1.0,1.0,,0,1,0,6,1,5,0,0,0,0,0,1,0,1,0
Java-Examples,83,1,2551,1,6.0,2.0,0.5,0.0,1.0,1.0,0.0,1.0,0.0,83.0,2552.0,1.0,0,0,0,2,2,0,0,0,0,0,0,0,0,2,0
